Data,Brand,Device name,Base price,Discout,Bonus,Gift_Details,Gift_value
06/02/2023,HONOR,Телефон сотовый HONOR X9A 5G (6/128GB) Emerald Green,199990,199990,39998,['Наушники для телефона HONOR Choice Earbuds X3 LITE'],[14980]
06/02/2023,HONOR,Телефон сотовый HONOR X9A 5G (6/128GB) Midnight Black,199990,199990,39998,['Наушники для телефона HONOR Choice Earbuds X3 LITE'],[14980]
06/02/2023,Samsung,Телефон сотовый SAMSUNG SM A 032 Galaxy A03 Core 32GB (NEW) FCKDS (Black),59890,49890,498
06/02/2023,Apple,Телефон сотовый APPLE iPhone 11 64GB (Black) ECO,299990,269990,13500
06/02/2023,Samsung,Телефон сотовый SAMSUNG SM A 135 Galaxy A13 64GB FZWVS (white),119890,89990,8999
06/02/2023,Apple,Телефон сотовый APPLE iPhone 14 Pro 128GB (Deep Purple),699990,659990,33000
06/02/2023,Apple,Телефон сотовый APPLE iPhone 13 128GB Blue,529990,409990,4099
06/02/2023,Apple,Телефон сотовый APPLE iPhone 11 64GB (White) ECO,299990,269990,13500
06/02/2023,HONOR,Телефон сотовый HONOR X9 (6/128GB) Titanium Silver,169990,169990,16999
06/02/2023,Apple,Телефон сотовый APPLE iPhone 14 128GB (Midnight),559990,479990,24000
06/02/2023,HONOR,Телефон сотовый HONOR X7A (4/128GB) Midnight Black,109990,109990,21998,['Чехол для телефона HONOR X7A TPU CASE TRANSPARENT'],[3490]
06/02/2023,HONOR,Телефон сотовый HONOR X9A 5G (6/128GB) Titanium Silver,199990,199990,39998,['Наушники для телефона HONOR Choice Earbuds X3 LITE'],[14980]
06/02/2023,HONOR,Телефон сотовый HONOR X8 (6/128GB) Titanium Silver,149990,139990,13999
06/02/2023,Xiaomi,Телефон сотовый XIAOMI Redmi 10 2022 4/64GB Sea Blue,89990,79990,799
06/02/2023,Xiaomi,Телефон сотовый XIAOMI Redmi Note 11 Pro 8/128GB Graphite Gray,159990,159990,3199
06/02/2023,HONOR,Телефон сотовый HONOR X9 (6/128GB) Midnight Black,169990,169990,16999
06/02/2023,Realme,Телефон сотовый REALME 10 Pro Plus (12/256GB) Dark Matter,249990,249990,4999
06/02/2023,Samsung,Телефон сотовый SAMSUNG SM A 336 Galaxy A33 5G 128GB BZKGS (Black),219890,149890,14989
06/02/2023,Apple,Телефон сотовый APPLE iPhone 14 Pro 256GB (Deep Purple),769990,729990,36500
06/02/2023,Apple,Телефон сотовый APPLE iPhone 11 128GB (Black) ECO,339990,309990,15500
06/02/2023,Samsung,Телефон сотовый SAMSUNG SM A 536 Galaxy A53 128GB ELBDS (Blue),239890,179890,17989
06/02/2023,Apple,Телефон сотовый APPLE iPhone 14 128GB (Purple),559990,479990,24000
06/02/2023,Samsung,Телефон сотовый SAMSUNG SM A 235 Galaxy A23 128GB FZKKS (Black),169890,119890,11989
06/02/2023,Apple,Телефон сотовый APPLE iPhone 13 128GB Midnight,529990,409990,4099
06/02/2023,Realme,Телефон сотовый REALME C33 (4/64GB) Black,69990,69990,6999
06/02/2023,Xiaomi,Телефон сотовый XIAOMI 12 Lite 8/128GB Black,219990,219990,4399
06/02/2023,Samsung,Телефон сотовый SAMSUNG SM A 235 Galaxy A23 64GB FZKUS (Black),149890,109890,10989
06/02/2023,Apple,Телефон сотовый APPLE iPhone 14 Pro 128GB (Space Black),699990,659990,33000
06/02/2023,Apple,Телефон сотовый APPLE iPhone 13 Pro 128GB Graphite,634990,609990,6099
06/02/2023,Samsung,Телефон сотовый SAMSUNG SM A 042 Galaxy A04e (3/64GB) FLBHS (Blue),64890,59890,598
06/02/2023,POCO,Телефон сотовый POCO F4 GT 12/256GB Stealth Black,399990,399990,7999
06/02/2023,Apple,Телефон сотовый APPLE iPhone 11 128GB (White) ECO,339990,309990,15500
06/02/2023,Apple,Телефон сотовый APPLE iPhone 14 Pro 1TB (Gold),1049990,1049990,52500
06/02/2023,Huawei,Телефон сотовый HUAWEI Mate XS 2 (8/512GB) (Черный) (PAL-LX9),999990,999990,99999,"['Телефон сотовый HUAWEI Nova 10 SE 8/128GB (Сияющий черный) (BNE-LX1)', 'Телефон сотовый HUAWEI Nova 10 SE 8/128GB (Мерцающий серебристый) (BNE-LX1)', 'Телефон сотовый HUAWEI Nova 10 SE 8/128GB (Мятный зеленый) (BNE-LX1)']","[189890, 189890, 189890]"
06/02/2023,Xiaomi,Телефон сотовый XIAOMI Redmi Note 11 4/128GB Star Blue,119990,109990,1099
06/02/2023,Samsung,Телефон сотовый SAMSUNG SM A 135 Galaxy A13 128GB FZWKS (white),139890,99990,9999
06/02/2023,Xiaomi,Телефон сотовый XIAOMI Redmi Note 11 4/128GB Graphite Gray,119990,109990,1099
06/02/2023,Huawei,Телефон сотовый HUAWEI P50 Pro 8/256GB (Черный) (JAD-LX9),549890,489890,48989
06/02/2023,Realme,Телефон сотовый REALME C30 (2/32GB) Green,64990,49990,4999
06/02/2023,Apple,Телефон сотовый APPLE iPhone 13 mini 128GB Pink,414990,379990,3799
06/02/2023,Apple,Телефон сотовый APPLE iPhone 12 64GB (Black),414990,379990,3799
06/02/2023,HONOR,Телефон сотовый HONOR 70 (8/256GB) Midnight Black,299990,299990,29999,"['Наушники для телефона HONOR Choice Earbuds X3 (Gray)', 'Наушники для телефона HONOR Choice Earbuds X3']","[26980, 26980]"
06/02/2023,Apple,Телефон сотовый APPLE iPhone 13 mini 128GB (Green),414990,379990,3799
06/02/2023,Samsung,Телефон сотовый SAMSUNG SM G 990 Galaxy S21 FE 128GB NEW BZAFS (Gray),349890,299890,2998,"['Планшет SAMSUNG Galaxy Tab A7 lite SM T 225 NZAAS (gray) 8,7""/32GB/4G', 'Планшет SAMSUNG Galaxy Tab A7 lite SM T 225 NZSAS (silver) 8,7""/32GB/4G', 'Наушники для телефона SAMSUNG Galaxy Buds2 (Graphite) SM-R177NZKACIS', 'Наушники для телефона SAMSUNG Galaxy Buds2 (White) SM-R177NZWACIS', 'Наушники для телефона SAMSUNG Galaxy Buds2 (Olive) SM-R177NZGACIS', 'Наушники для телефона SAMSUNG Galaxy Buds2 (Lavender) SM-R177NLVACIS']","[99890, 99890, 89990, 89990, 89990, 89990]"
06/02/2023,Samsung,Телефон сотовый SAMSUNG SM A 536 Galaxy A53 256GB ELBHS (Blue),279890,199890,19989
06/02/2023,HONOR,Телефон сотовый HONOR 70 (8/256GB) Emerald Green,299990,299990,29999,"['Наушники для телефона HONOR Choice Earbuds X3 (Gray)', 'Наушники для телефона HONOR Choice Earbuds X3']","[26980, 26980]"
06/02/2023,Xiaomi,Телефон сотовый XIAOMI Redmi A1+ 2/32GB Light Blue,49990,49990,999
06/02/2023,Samsung,Телефон сотовый SAMSUNG SM F 721 Galaxy Z Flip 4 5G 256GB (Lavender),599890,599890,11997,"['Смарт часы SAMSUNG Galaxy Watch4 Classic 46mm Black (SM-R890NZKACIS)', 'Наушники для телефона SAMSUNG Galaxy Buds2 Pro (purple)', 'Наушники для телефона SAMSUNG Galaxy Buds2 Pro (gray)', 'Наушники для телефона SAMSUNG Galaxy Buds2 Pro (white)']","[219890, 119990, 119990, 119990]"
06/02/2023,Apple,Телефон сотовый APPLE iPhone 14 128GB (Blue),559990,479990,24000
06/02/2023,Samsung,Телефон сотовый SAMSUNG SM G 990 Galaxy S21 FE 256GB NEW BZAWS (Gray),389890,329890,3298,"['Планшет SAMSUNG Galaxy Tab A7 lite SM T 225 NZAAS (gray) 8,7""/32GB/4G', 'Планшет SAMSUNG Galaxy Tab A7 lite SM T 225 NZSAS (silver) 8,7""/32GB/4G', 'Наушники для телефона SAMSUNG Galaxy Buds2 (Graphite) SM-R177NZKACIS', 'Наушники для телефона SAMSUNG Galaxy Buds2 (White) SM-R177NZWACIS', 'Наушники для телефона SAMSUNG Galaxy Buds2 (Olive) SM-R177NZGACIS', 'Наушники для телефона SAMSUNG Galaxy Buds2 (Lavender) SM-R177NLVACIS']","[99890, 99890, 89990, 89990, 89990, 89990]"
06/02/2023,Samsung,Телефон сотовый SAMSUNG SM A 325 Galaxy A32 128 GB FZKGS (Black),139890,99990,9999
06/02/2023,Xiaomi,Телефон сотовый XIAOMI Redmi 10C 4/64GB Graphite Gray,79990,69990,699
06/02/2023,Apple,Телефон сотовый APPLE iPhone 12 64GB (Green),414990,379990,3799
06/02/2023,POCO,Телефон сотовый POCO F4 GT 12/256GB Cyber Yellow,399990,399990,7999
06/02/2023,Apple,Телефон сотовый APPLE iPhone 14 Pro Max 256GB (Gold),839990,799990,40000
06/02/2023,Xiaomi,Телефон сотовый XIAOMI 12T 8/256GB Black,299990,249990,24999
06/02/2023,Xiaomi,Телефон сотовый XIAOMI Redmi 9C 64GB Midnight Gray,69990,69990,1399
06/02/2023,Apple,Телефон сотовый APPLE iPhone 12 128GB (Black),449990,414990,4149
06/02/2023,Samsung,Телефон сотовый SAMSUNG SM A 135 Galaxy A13 64GB FZKVS (black),119890,89990,8999
06/02/2023,Apple,Телефон сотовый APPLE iPhone 12 128GB (Blue),449990,414990,4149
06/02/2023,Huawei,Телефон сотовый HUAWEI Nova Y70 4/64GB (Голубой кристалл) (MGA-LX9N),99890,72990,7299,['Смарт часы HUAWEI WATCH Fit графитовый черный (TIA-B09)'],[49890]
06/02/2023,Samsung,Телефон сотовый SAMSUNG SM S 908 Galaxy S22 Ultra 5G 128GB BZGDS (Green),699890,549890,5498,"['Смарт часы SAMSUNG Galaxy Watch4 Classic 46mm Black (SM-R890NZKACIS)', 'Наушники для телефона SAMSUNG Galaxy Buds2 Pro (purple)', 'Наушники для телефона SAMSUNG Galaxy Buds2 Pro (gray)', 'Наушники для телефона SAMSUNG Galaxy Buds2 Pro (white)']","[219890, 119990, 119990, 119990]"
06/02/2023,Samsung,Телефон сотовый SAMSUNG SM G 990 Galaxy S21 FE 128GB NEW BLVFS (Violet),349890,299890,2998,"['Планшет SAMSUNG Galaxy Tab A7 lite SM T 225 NZAAS (gray) 8,7""/32GB/4G', 'Планшет SAMSUNG Galaxy Tab A7 lite SM T 225 NZSAS (silver) 8,7""/32GB/4G', 'Наушники для телефона SAMSUNG Galaxy Buds2 (Graphite) SM-R177NZKACIS', 'Наушники для телефона SAMSUNG Galaxy Buds2 (White) SM-R177NZWACIS', 'Наушники для телефона SAMSUNG Galaxy Buds2 (Olive) SM-R177NZGACIS', 'Наушники для телефона SAMSUNG Galaxy Buds2 (Lavender) SM-R177NLVACIS']","[99890, 99890, 89990, 89990, 89990, 89990]"
06/02/2023,Samsung,Телефон сотовый SAMSUNG SM A 032 Galaxy A03 Core 32GB (NEW) FZCDS (Copper),59890,49890,498
06/02/2023,Apple,Телефон сотовый APPLE iPhone 13 Pro Max 256GB Sierra Blue,779990,749990,7499
06/02/2023,Samsung,Телефон сотовый SAMSUNG SM S 901 Galaxy S22 5G 128GB BLVDS (Purple),449890,399890,3998,"['Планшет SAMSUNG Galaxy Tab A7 lite SM T 225 NZAAS (gray) 8,7""/32GB/4G', 'Планшет SAMSUNG Galaxy Tab A7 lite SM T 225 NZSAS (silver) 8,7""/32GB/4G', 'Наушники для телефона SAMSUNG Galaxy Buds2 (Graphite) SM-R177NZKACIS', 'Наушники для телефона SAMSUNG Galaxy Buds2 (White) SM-R177NZWACIS', 'Наушники для телефона SAMSUNG Galaxy Buds2 (Olive) SM-R177NZGACIS', 'Наушники для телефона SAMSUNG Galaxy Buds2 (Lavender) SM-R177NLVACIS']","[99890, 99890, 89990, 89990, 89990, 89990]"
06/02/2023,Samsung,Телефон сотовый SAMSUNG SM S 908 Galaxy S22 Ultra 5G 256GB BZGGS (Green),749890,579890,5798,"['Смарт часы SAMSUNG Galaxy Watch4 Classic 46mm Black (SM-R890NZKACIS)', 'Наушники для телефона SAMSUNG Galaxy Buds2 Pro (purple)', 'Наушники для телефона SAMSUNG Galaxy Buds2 Pro (gray)', 'Наушники для телефона SAMSUNG Galaxy Buds2 Pro (white)']","[219890, 119990, 119990, 119990]"
06/02/2023,Xiaomi,Телефон сотовый XIAOMI Redmi 9A 32GB Granite Gray,59990,49990,4999
06/02/2023,Xiaomi,Телефон сотовый XIAOMI Redmi 10 2022 4/128GB Carbon Gray,99990,89990,899
06/02/2023,Apple,Телефон сотовый APPLE iPhone 14 Pro 128GB (Silver),699990,659990,33000
06/02/2023,Samsung,Телефон сотовый SAMSUNG SM A 135 Galaxy A13 64GB FLBVS (blue),119890,89990,8999
06/02/2023,Samsung,Телефон сотовый SAMSUNG SM S 901 Galaxy S22 5G 128GB BZKDS (Black),449890,399890,3998,"['Планшет SAMSUNG Galaxy Tab A7 lite SM T 225 NZAAS (gray) 8,7""/32GB/4G', 'Планшет SAMSUNG Galaxy Tab A7 lite SM T 225 NZSAS (silver) 8,7""/32GB/4G', 'Наушники для телефона SAMSUNG Galaxy Buds2 (Graphite) SM-R177NZKACIS', 'Наушники для телефона SAMSUNG Galaxy Buds2 (White) SM-R177NZWACIS', 'Наушники для телефона SAMSUNG Galaxy Buds2 (Olive) SM-R177NZGACIS', 'Наушники для телефона SAMSUNG Galaxy Buds2 (Lavender) SM-R177NLVACIS']","[99890, 99890, 89990, 89990, 89990, 89990]"
06/02/2023,Apple,Телефон сотовый APPLE iPhone 14 Pro Max 256GB (Deep Purple),839990,799990,40000
06/02/2023,Apple,Телефон сотовый APPLE iPhone 13 256GB Midnight,599990,479990,4799
06/02/2023,Apple,Телефон сотовый APPLE iPhone 14 Pro 1TB (Space Black),1049990,1049990,52500
06/02/2023,Apple,Телефон сотовый APPLE iPhone SE 2022 64GB Starlight,304990,304990,6099
06/02/2023,Huawei,Телефон сотовый HUAWEI P50 8/256GB (Черный) (ABR-LX9),449890,389890,38989
06/02/2023,Xiaomi,Телефон сотовый XIAOMI Redmi 10 4/64GB Sea Blue,89990,89990,1799
06/02/2023,Apple,Телефон сотовый APPLE iPhone 14 Pro 1TB (Silver),1049990,1049990,52500
06/02/2023,Xiaomi,Телефон сотовый XIAOMI 12 12/256GB Gray,459990,399990,39999
06/02/2023,Realme,Телефон сотовый REALME GT Master (6/128GB) Grey,209990,149990,14999
06/02/2023,Apple,Телефон сотовый APPLE iPhone 14 Pro 256GB (Silver),769990,729990,36500
06/02/2023,OPPO,Телефон сотовый OPPO A57s 4/64GB Starry Black,104990,104990,10499,['Чехол для телефона OPPO A57S Silicone Cover Transparent'],[990]
06/02/2023,Samsung,Телефон сотовый SAMSUNG SM S 901 Galaxy S22 5G 256GB BLVGS (Purple),499890,429890,4298,"['Планшет SAMSUNG Galaxy Tab A7 lite SM T 225 NZAAS (gray) 8,7""/32GB/4G', 'Планшет SAMSUNG Galaxy Tab A7 lite SM T 225 NZSAS (silver) 8,7""/32GB/4G', 'Наушники для телефона SAMSUNG Galaxy Buds2 (Graphite) SM-R177NZKACIS', 'Наушники для телефона SAMSUNG Galaxy Buds2 (White) SM-R177NZWACIS', 'Наушники для телефона SAMSUNG Galaxy Buds2 (Olive) SM-R177NZGACIS', 'Наушники для телефона SAMSUNG Galaxy Buds2 (Lavender) SM-R177NLVACIS']","[99890, 99890, 89990, 89990, 89990, 89990]"
06/02/2023,HONOR,Телефон сотовый HONOR X9 (6/128GB) Ocean Blue,169990,169990,16999
06/02/2023,HONOR,Телефон сотовый HONOR 70 (8/128GB) Midnight Black,279990,279990,27999,"['Наушники для телефона HONOR Choice Earbuds X3 (Gray)', 'Наушники для телефона HONOR Choice Earbuds X3']","[26980, 26980]"
06/02/2023,Samsung,Телефон сотовый SAMSUNG SM S 908 Galaxy S22 Ultra 5G 512GB BZKHS (Black),849890,599890,5998,"['Смарт часы SAMSUNG Galaxy Watch4 Classic 46mm Black (SM-R890NZKACIS)', 'Наушники для телефона SAMSUNG Galaxy Buds2 Pro (purple)', 'Наушники для телефона SAMSUNG Galaxy Buds2 Pro (gray)', 'Наушники для телефона SAMSUNG Galaxy Buds2 Pro (white)']","[219890, 119990, 119990, 119990]"
06/02/2023,Xiaomi,Телефон сотовый XIAOMI Redmi Note 11S 6/128GB Graphite Gray,139990,119990,1199
06/02/2023,Samsung,Телефон сотовый SAMSUNG SM G 991 Galaxy S21 128GB BZADS (Gray),409890,229990,2299
06/02/2023,Apple,Телефон сотовый APPLE iPhone 13 Pro Max 256GB Alpine Green,779990,749990,7499
06/02/2023,Realme,Телефон сотовый REALME C30 (2/32GB) Black,64990,49990,4999
06/02/2023,Samsung,Телефон сотовый SAMSUNG SM A 135 Galaxy A13 128GB FZKKS (black),139890,99990,9999
06/02/2023,Apple,Телефон сотовый APPLE iPhone 13 Pro 256GB Gold,709990,709990,14199
06/02/2023,Samsung,Телефон сотовый SAMSUNG SM A 736 Galaxy A73 5G 8/256GB BLGHS (Green),339890,239890,23989
06/02/2023,Samsung,Телефон сотовый SAMSUNG SM F 721 Galaxy Z Flip 4 5G 128GB (Lavender),549890,549890,10997,"['Смарт часы SAMSUNG Galaxy Watch4 Classic 46mm Black (SM-R890NZKACIS)', 'Наушники для телефона SAMSUNG Galaxy Buds2 Pro (purple)', 'Наушники для телефона SAMSUNG Galaxy Buds2 Pro (gray)', 'Наушники для телефона SAMSUNG Galaxy Buds2 Pro (white)']","[219890, 119990, 119990, 119990]"
06/02/2023,Apple,Телефон сотовый APPLE iPhone 13 128GB Pink,529990,409990,4099
06/02/2023,OPPO,Телефон сотовый OPPO A17 4/64GB Midnight Black,84990,84990,8499,['Чехол для телефона OPPO A17 Silicone Cover Transparent'],[990]
06/02/2023,Apple,Телефон сотовый APPLE iPhone 11 128GB (Purple) ECO,339990,309990,15500
06/02/2023,OPPO,Телефон сотовый OPPO A55 4/64GB Starry Black,119990,119990,11999
06/02/2023,Samsung,Телефон сотовый SAMSUNG SM F 936 Galaxy Z Fold 4 5G 512GB (Gray),1099890,1099890,21997,"['Смарт часы SAMSUNG Galaxy Watch4 Classic 46mm Black (SM-R890NZKACIS)', 'Наушники для телефона SAMSUNG Galaxy Buds2 Pro (purple)', 'Наушники для телефона SAMSUNG Galaxy Buds2 Pro (gray)', 'Наушники для телефона SAMSUNG Galaxy Buds2 Pro (white)']","[219890, 119990, 119990, 119990]"
06/02/2023,Xiaomi,Телефон сотовый XIAOMI Mi 11 8/256GB Midnight Gray,339990,339990,6799
06/02/2023,Apple,Телефон сотовый APPLE iPhone 13 Pro Max 256GB Gold,779990,749990,7499
06/02/2023,Apple,Телефон сотовый APPLE iPhone 14 Pro 256GB (Space Black),769990,729990,36500
06/02/2023,Vivo,Телефон сотовый VIVO Y55 8/128GB Ice Dawn (V2154),159990,139990,13999,"['Смарт часы Zeblaze Btalk Smart Watch 44 mm Green / Зеленый', 'Смарт часы Zeblaze Btalk Smart Watch 44 mm Orange / Оранжевый', 'Подарок VIVO 4813635 Plactic Mobile Phone Holder Держатель Смартфона', 'Подарок VIVO 4813636 Bluetooth Speaker Динамик Bluetooth', 'Подарок VIVO 4813637 Gift Box Подарочная Коробка']","[29990, 29990, 0, 0, 0]"
06/02/2023,HONOR,Телефон сотовый HONOR X5 (2/32GB) Ocean Blue,59990,49990,4999
06/02/2023,POCO,Телефон сотовый POCO F3 8/256GB Night Black,239990,239990,4799
06/02/2023,Samsung,Телефон сотовый SAMSUNG SM A 235 Galaxy A23 128GB FZOKS (Orange),169890,119890,11989
06/02/2023,Vivo,Телефон сотовый VIVO V23e 8/128GB Dancing Waves (V2116),189990,124990,1249,"['Подарок VIVO 4813635 Plactic Mobile Phone Holder Держатель Смартфона', 'Подарок VIVO 4813636 Bluetooth Speaker Динамик Bluetooth', 'Подарок VIVO 4813637 Gift Box Подарочная Коробка']","[0, 0, 0]"
06/02/2023,Apple,Телефон сотовый APPLE iPhone 11 64GB (Purple) ECO,299990,269990,13500
06/02/2023,OPPO,Телефон сотовый OPPO RENO 7 (8/128GB) Cosmic Black,219990,219990,21999
06/02/2023,HONOR,Телефон сотовый HONOR X6 (4/64GB) Midnight Black,89990,79990,7999
06/02/2023,HONOR,Телефон сотовый HONOR X7 (4/128GB) Midnight Black,119990,119990,11999
06/02/2023,Samsung,Телефон сотовый SAMSUNG SM A 035 Galaxy A03 32GB FZKDS (Black),69890,69890,6989
06/02/2023,Samsung,Телефон сотовый SAMSUNG SM S 908 Galaxy S22 Ultra 5G 256GB BZWGS (White),749890,579890,5798,"['Смарт часы SAMSUNG Galaxy Watch4 Classic 46mm Black (SM-R890NZKACIS)', 'Наушники для телефона SAMSUNG Galaxy Buds2 Pro (purple)', 'Наушники для телефона SAMSUNG Galaxy Buds2 Pro (gray)', 'Наушники для телефона SAMSUNG Galaxy Buds2 Pro (white)']","[219890, 119990, 119990, 119990]"
06/02/2023,Xiaomi,Телефон сотовый XIAOMI Redmi 10C 4/128GB Graphite Gray,84990,74990,749
06/02/2023,Xiaomi,Телефон сотовый XIAOMI Redmi 10C 4/128GB Mint Green,84990,74990,749
06/02/2023,Apple,Телефон сотовый APPLE iPhone 13 Pro 256GB Graphite,709990,679990,6799
06/02/2023,Apple,Телефон сотовый APPLE iPhone 12 128GB (Purple),449990,414990,4149
06/02/2023,OPPO,Телефон сотовый OPPO RENO 7 (8/128GB) Sunset Orange,219990,219990,21999
06/02/2023,Samsung,Телефон сотовый SAMSUNG SM F 711 Galaxy Z Flip 3 256GB (NEW) (Black),579890,319990,3199
06/02/2023,Xiaomi,Телефон сотовый XIAOMI Redmi A1+ 2/32GB Black,49990,49990,999
06/02/2023,Apple,Телефон сотовый APPLE iPhone 14 Plus 256GB (Blue),699990,629990,31500
06/02/2023,Apple,Телефон сотовый APPLE iPhone 14 256GB (Midnight),629990,549990,27500
06/02/2023,Samsung,Телефон сотовый SAMSUNG SM A 235 Galaxy A23 128GB FZWKS (White),169890,119890,11989
06/02/2023,Samsung,Телефон сотовый SAMSUNG SM A 736 Galaxy A73 5G 6/128GB BLGDS (Green),299890,219890,21989
06/02/2023,Apple,Телефон сотовый APPLE iPhone 13 mini 128GB Starlight,414990,379990,3799
06/02/2023,iXXi,Телефон сотовый IXXI J7 8/128GB Black,219990,219990,21999
06/02/2023,Samsung,Телефон сотовый SAMSUNG SM S 908 Galaxy S22 Ultra 5G 128GB BDRDS (Red),699890,549890,5498,"['Смарт часы SAMSUNG Galaxy Watch4 Classic 46mm Black (SM-R890NZKACIS)', 'Наушники для телефона SAMSUNG Galaxy Buds2 Pro (purple)', 'Наушники для телефона SAMSUNG Galaxy Buds2 Pro (gray)', 'Наушники для телефона SAMSUNG Galaxy Buds2 Pro (white)']","[219890, 119990, 119990, 119990]"
06/02/2023,Huawei,Телефон сотовый HUAWEI Nova 9 SE 8/128GB (Голубой кристалл) (JLN-LX1),189890,139890,13989
06/02/2023,iXXi,Телефон сотовый IXXI J2 4/64GB Black,99990,99990,9999
06/02/2023,Samsung,Телефон сотовый SAMSUNG SM S 908 Galaxy S22 Ultra 5G 256GB BDRGS (Red),749890,579890,5798,"['Смарт часы SAMSUNG Galaxy Watch4 Classic 46mm Black (SM-R890NZKACIS)', 'Наушники для телефона SAMSUNG Galaxy Buds2 Pro (purple)', 'Наушники для телефона SAMSUNG Galaxy Buds2 Pro (gray)', 'Наушники для телефона SAMSUNG Galaxy Buds2 Pro (white)']","[219890, 119990, 119990, 119990]"
06/02/2023,Xiaomi,Телефон сотовый XIAOMI 12 Pro 12/256GB Blue,549990,449990,44999
06/02/2023,Samsung,Телефон сотовый SAMSUNG SM A 135 Galaxy A13 128GB FLBKS (blue),139890,99990,9999
06/02/2023,OPPO,Телефон сотовый OPPO A96 (6/128) Starry Black,169990,139990,13999
06/02/2023,Apple,Телефон сотовый APPLE iPhone 13 Pro 128GB Sierra Blue,634990,609990,6099
06/02/2023,Samsung,Телефон сотовый SAMSUNG SM A 032 Galaxy A03 Core 32GB (NEW) FLGDS (Green),59890,49890,498
06/02/2023,Xiaomi,Телефон сотовый XIAOMI Redmi Note 11 Pro 8/128GB Star Blue,159990,159990,3199
06/02/2023,Apple,Телефон сотовый APPLE iPhone 14 128GB (Starlight),559990,479990,24000
06/02/2023,Samsung,Телефон сотовый SAMSUNG SM A 736 Galaxy A73 5G 8/256GB BZAHS (Gray),339890,239890,23989
06/02/2023,Xiaomi,Телефон сотовый XIAOMI Redmi Note 11S 6/128GB Twilight Blue,139990,119990,1199
06/02/2023,Apple,Телефон сотовый APPLE iPhone 12 128GB (White),449990,414990,4149
06/02/2023,Vivo,Телефон сотовый VIVO Y21 4/64GB Metallic Blue (V2111),99990,79990,7999,"['Подарок VIVO 4813635 Plactic Mobile Phone Holder Держатель Смартфона', 'Подарок VIVO 4813636 Bluetooth Speaker Динамик Bluetooth', 'Подарок VIVO 4813637 Gift Box Подарочная Коробка']","[0, 0, 0]"
06/02/2023,Vivo,Телефон сотовый VIVO V25 Pro 5G 12/256GB Surfing Blue (V2158),329990,319990,31999,"['Смарт часы Zeblaze Btalk Smart Watch 44 mm Green / Зеленый', 'Смарт часы Zeblaze Btalk Smart Watch 44 mm Orange / Оранжевый', 'Подарок VIVO 4813635 Plactic Mobile Phone Holder Держатель Смартфона', 'Подарок VIVO 4813636 Bluetooth Speaker Динамик Bluetooth', 'Подарок VIVO 4813637 Gift Box Подарочная Коробка']","[29990, 29990, 0, 0, 0]"
06/02/2023,Samsung,Телефон сотовый SAMSUNG SM F 936 Galaxy Z Fold 4 5G 256GB (Gray),999890,999890,19997,"['Смарт часы SAMSUNG Galaxy Watch4 Classic 46mm Black (SM-R890NZKACIS)', 'Наушники для телефона SAMSUNG Galaxy Buds2 Pro (purple)', 'Наушники для телефона SAMSUNG Galaxy Buds2 Pro (gray)', 'Наушники для телефона SAMSUNG Galaxy Buds2 Pro (white)']","[219890, 119990, 119990, 119990]"
06/02/2023,Apple,Телефон сотовый APPLE iPhone 11 128GB (Green) ECO,339990,309990,15500
06/02/2023,Apple,Телефон сотовый APPLE iPhone 14 Pro 128GB (Gold),699990,659990,33000
06/02/2023,Vivo,Телефон сотовый VIVO Y22 4/64GB Starlit Blue (V2207),99990,89990,8999,"['Подарок VIVO 4813635 Plactic Mobile Phone Holder Держатель Смартфона', 'Подарок VIVO 4813636 Bluetooth Speaker Динамик Bluetooth', 'Подарок VIVO 4813637 Gift Box Подарочная Коробка']","[0, 0, 0]"
06/02/2023,Apple,Телефон сотовый APPLE iPhone 13 Pro 256GB Alpine Green,709990,679990,6799
06/02/2023,OPPO,Телефон сотовый OPPO RENO 7 5G (8/256GB) Startrails Blue,259990,259990,25999
06/02/2023,HONOR,Телефон сотовый HONOR X8 (6/128GB) Ocean Blue,149990,139990,13999
06/02/2023,Realme,Телефон сотовый REALME C35 (4/128GB) Black,129990,99990,9999
06/02/2023,Apple,Телефон сотовый APPLE iPhone 11 64GB (Green) ECO,299990,269990,13500
06/02/2023,Xiaomi,Телефон сотовый XIAOMI 12 12/256GB Blue,459990,399990,39999
06/02/2023,Vivo,Телефон сотовый VIVO Y35 4/128GB Dawn Gold (V2205),129990,119990,11999,"['Смарт часы Zeblaze Btalk Smart Watch 44 mm Green / Зеленый', 'Смарт часы Zeblaze Btalk Smart Watch 44 mm Orange / Оранжевый', 'Подарок VIVO 4813635 Plactic Mobile Phone Holder Держатель Смартфона', 'Подарок VIVO 4813636 Bluetooth Speaker Динамик Bluetooth', 'Подарок VIVO 4813637 Gift Box Подарочная Коробка']","[29990, 29990, 0, 0, 0]"
06/02/2023,HONOR,Телефон сотовый HONOR X6 (4/64GB) Titanium Silver,89990,79990,7999
06/02/2023,Xiaomi,Телефон сотовый XIAOMI Redmi 10A 3/64GB Graphite Gray,69990,69990,1399
06/02/2023,Apple,Телефон сотовый APPLE iPhone 14 512GB (Purple),769990,699990,35000
06/02/2023,Xiaomi,Телефон сотовый XIAOMI 11T 8/256GB Celestial Blue,279990,249890,2498
06/02/2023,Samsung,Телефон сотовый SAMSUNG SM A 536 Galaxy A53 128GB EZKDS (Black),239890,179890,17989
06/02/2023,Xiaomi,Телефон сотовый XIAOMI Redmi 10 4/128GB Sea Blue,99990,99990,1999
06/02/2023,Samsung,Телефон сотовый SAMSUNG SM A 235 Galaxy A23 64GB FZOUS (Orange),149890,109890,10989
06/02/2023,Apple,Телефон сотовый APPLE iPhone 14 Pro 512GB (Deep Purple),909990,909990,45500
06/02/2023,Realme,Телефон сотовый REALME C30S (2/32GB) Black,54990,44990,449
06/02/2023,Apple,Телефон сотовый APPLE iPhone 14 Pro Max 128GB (Deep Purple),769990,729990,36500
06/02/2023,Samsung,Телефон сотовый SAMSUNG SM A 325 Galaxy A32 64 GB FZKDS (Black),129890,79990,7999
06/02/2023,Apple,Телефон сотовый APPLE iPhone 14 Pro Max 512GB (Deep Purple),979990,979990,49000
06/02/2023,Xiaomi,Телефон сотовый XIAOMI Redmi 9A 32GB Aurora Green,59990,49990,4999
06/02/2023,Samsung,Телефон сотовый SAMSUNG SM S 906 Galaxy S22 Plus 5G 256GB BZGGS (Green),599890,479990,4799,"['Смарт часы SAMSUNG Galaxy Watch4 Classic 46mm Black (SM-R890NZKACIS)', 'Наушники для телефона SAMSUNG Galaxy Buds2 Pro (purple)', 'Наушники для телефона SAMSUNG Galaxy Buds2 Pro (gray)', 'Наушники для телефона SAMSUNG Galaxy Buds2 Pro (white)']","[219890, 119990, 119990, 119990]"
06/02/2023,Xiaomi,Телефон сотовый XIAOMI Redmi 10 2022 4/64GB Carbon Gray,89990,79990,799
06/02/2023,Vivo,Телефон сотовый VIVO V23e 8/128GB Moonlight Shadow (V2116),189990,124990,1249,"['Подарок VIVO 4813635 Plactic Mobile Phone Holder Держатель Смартфона', 'Подарок VIVO 4813636 Bluetooth Speaker Динамик Bluetooth', 'Подарок VIVO 4813637 Gift Box Подарочная Коробка']","[0, 0, 0]"
06/02/2023,Samsung,Телефон сотовый SAMSUNG SM A 336 Galaxy A33 5G 128GB BZOGS (Orange),219890,149890,14989
06/02/2023,Samsung,Телефон сотовый SAMSUNG SM A 032 Galaxy A03 Core 32GB FZBDS (Blue),59890,49890,498
06/02/2023,Vivo,Телефон сотовый VIVO Y53s 8/128GB Fantastic Rainbow (V2058),139990,129990,12999,"['Смарт часы Zeblaze Btalk Smart Watch 44 mm Green / Зеленый', 'Смарт часы Zeblaze Btalk Smart Watch 44 mm Orange / Оранжевый', 'Подарок VIVO 4813635 Plactic Mobile Phone Holder Держатель Смартфона', 'Подарок VIVO 4813636 Bluetooth Speaker Динамик Bluetooth', 'Подарок VIVO 4813637 Gift Box Подарочная Коробка']","[29990, 29990, 0, 0, 0]"
06/02/2023,Samsung,Телефон сотовый SAMSUNG SM S 901 Galaxy S22 5G 256GB BZKGS (Black),499890,429890,4298,"['Планшет SAMSUNG Galaxy Tab A7 lite SM T 225 NZAAS (gray) 8,7""/32GB/4G', 'Планшет SAMSUNG Galaxy Tab A7 lite SM T 225 NZSAS (silver) 8,7""/32GB/4G', 'Наушники для телефона SAMSUNG Galaxy Buds2 (Graphite) SM-R177NZKACIS', 'Наушники для телефона SAMSUNG Galaxy Buds2 (White) SM-R177NZWACIS', 'Наушники для телефона SAMSUNG Galaxy Buds2 (Olive) SM-R177NZGACIS', 'Наушники для телефона SAMSUNG Galaxy Buds2 (Lavender) SM-R177NLVACIS']","[99890, 99890, 89990, 89990, 89990, 89990]"
06/02/2023,Realme,Телефон сотовый REALME C33 (4/64GB) Gold,69990,69990,6999
06/02/2023,Apple,Телефон сотовый APPLE iPhone 13 128GB (Green),529990,409990,4099
06/02/2023,Huawei,Телефон сотовый HUAWEI Nova Y70 4/128GB (Голубой кристалл) (MGA-LX9N),129990,89990,8999
06/02/2023,Samsung,Телефон сотовый SAMSUNG SM A 736 Galaxy A73 5G 6/128GB BZADS (Gray),299890,219890,21989
06/02/2023,Huawei,Телефон сотовый HUAWEI P50 Pro 8/256GB (Светло-золотистый) (JAD-LX9),549890,489890,48989
06/02/2023,Apple,Телефон сотовый APPLE iPhone 13 Pro Max 128GB Sierra Blue,709990,679890,6798
06/02/2023,Realme,Телефон сотовый REALME C30S (4/64GB) Black,59990,59990,5999
06/02/2023,OPPO,Телефон сотовый OPPO A57s 4/128GB Starry Black,124990,124990,12499,['Чехол для телефона OPPO A57S Silicone Cover Transparent'],[990]
06/02/2023,Samsung,Телефон сотовый SAMSUNG SM A 125 Galaxy A12 32GB FZKUS (black),74890,74890,7489
06/02/2023,HONOR,Телефон сотовый HONOR 70 (8/256GB) Crystal Silver,299990,299990,29999,"['Наушники для телефона HONOR Choice Earbuds X3 (Gray)', 'Наушники для телефона HONOR Choice Earbuds X3']","[26980, 26980]"
06/02/2023,OPPO,Телефон сотовый OPPO A17 4/64GB Lake Blue,84990,84990,8499,['Чехол для телефона OPPO A17 Silicone Cover Transparent'],[990]
06/02/2023,Huawei,Телефон сотовый HUAWEI P40 Lite (Midnight Black),129890,129890,12989
06/02/2023,Samsung,Телефон сотовый SAMSUNG SM A 536 Galaxy A53 256GB EZKHS (Black),279890,199890,19989
06/02/2023,Samsung,Телефон сотовый SAMSUNG SM A 336 Galaxy A33 5G 128GB BZWGS (White),219890,149890,14989
06/02/2023,Samsung,Телефон сотовый SAMSUNG SM S 906 Galaxy S22 Plus 5G 256GB BZKGS (Black),599890,479990,4799,"['Смарт часы SAMSUNG Galaxy Watch4 Classic 46mm Black (SM-R890NZKACIS)', 'Наушники для телефона SAMSUNG Galaxy Buds2 Pro (purple)', 'Наушники для телефона SAMSUNG Galaxy Buds2 Pro (gray)', 'Наушники для телефона SAMSUNG Galaxy Buds2 Pro (white)']","[219890, 119990, 119990, 119990]"
06/02/2023,Huawei,Телефон сотовый HUAWEI Nova 10 SE 8/128GB (Мерцающий серебристый) (BNE-LX1),189890,159990,15999
06/02/2023,Vivo,Телефон сотовый VIVO Y33s 4/128GB Midday Dream (V2109),129990,99990,9999,"['Чехол для телефона VIVO Y21/Y21s/Y33s Transparent Cover Light Grey', 'Подарок VIVO 4813635 Plactic Mobile Phone Holder Держатель Смартфона', 'Подарок VIVO 4813636 Bluetooth Speaker Динамик Bluetooth', 'Подарок VIVO 4813637 Gift Box Подарочная Коробка']","[3990, 0, 0, 0]"
06/02/2023,POCO,Телефон сотовый POCO X4 Pro 5G 6/128GB Laser Blue,159990,159990,3199
06/02/2023,OPPO,Телефон сотовый OPPO A74 Prism Black,139990,139990,13999
06/02/2023,Huawei,Телефон сотовый HUAWEI Nova 8i Interstellar Blue,189890,189890,18989
06/02/2023,Realme,Телефон сотовый REALME 9i (6/128GB) Blue,129990,99990,9999
06/02/2023,Samsung,Телефон сотовый SAMSUNG SM F 711 Galaxy Z Flip 3 128GB (NEW) (Black),549890,299990,2999
06/02/2023,Samsung,Телефон сотовый SAMSUNG SM S 908 Galaxy S22 Ultra 5G 256GB BZKGS (Black),749890,579890,5798,"['Смарт часы SAMSUNG Galaxy Watch4 Classic 46mm Black (SM-R890NZKACIS)', 'Наушники для телефона SAMSUNG Galaxy Buds2 Pro (purple)', 'Наушники для телефона SAMSUNG Galaxy Buds2 Pro (gray)', 'Наушники для телефона SAMSUNG Galaxy Buds2 Pro (white)']","[219890, 119990, 119990, 119990]"
06/02/2023,Xiaomi,Телефон сотовый XIAOMI 12 Pro 12/256GB Purple,549990,449990,44999
06/02/2023,Samsung,Телефон сотовый SAMSUNG SM A 235 Galaxy A23 64GB FZWUS (White),149890,109890,10989
06/02/2023,Samsung,Телефон сотовый SAMSUNG SM A 032 Galaxy A03 Core 32GB FZKDS (Black),59890,49890,498
06/02/2023,Samsung,Телефон сотовый SAMSUNG SM S 901 Galaxy S22 5G 128GB BZGDS (Green),449890,399890,3998,"['Планшет SAMSUNG Galaxy Tab A7 lite SM T 225 NZAAS (gray) 8,7""/32GB/4G', 'Планшет SAMSUNG Galaxy Tab A7 lite SM T 225 NZSAS (silver) 8,7""/32GB/4G', 'Наушники для телефона SAMSUNG Galaxy Buds2 (Graphite) SM-R177NZKACIS', 'Наушники для телефона SAMSUNG Galaxy Buds2 (White) SM-R177NZWACIS', 'Наушники для телефона SAMSUNG Galaxy Buds2 (Olive) SM-R177NZGACIS', 'Наушники для телефона SAMSUNG Galaxy Buds2 (Lavender) SM-R177NLVACIS']","[99890, 99890, 89990, 89990, 89990, 89990]"
06/02/2023,HONOR,Телефон сотовый HONOR X8 (6/128GB) Midnight Black,149990,139990,13999
06/02/2023,Realme,Телефон сотовый REALME C35 (4/128GB) Green,129990,99990,9999
06/02/2023,Xiaomi,Телефон сотовый XIAOMI Redmi Note 11S 6/64GB Graphite Gray,129990,109990,1099
06/02/2023,Vivo,Телефон сотовый VIVO Y33s 4/128GB Mirror Black (V2109),129990,99990,9999,"['Чехол для телефона VIVO Y21/Y21s/Y33s Transparent Cover Light Grey', 'Подарок VIVO 4813635 Plactic Mobile Phone Holder Держатель Смартфона', 'Подарок VIVO 4813636 Bluetooth Speaker Динамик Bluetooth', 'Подарок VIVO 4813637 Gift Box Подарочная Коробка']","[3990, 0, 0, 0]"
06/02/2023,Apple,Телефон сотовый APPLE iPhone 14 Pro Max 256GB (Space Black),839990,799990,40000
06/02/2023,Samsung,Телефон сотовый SAMSUNG SM S 901 Galaxy S22 5G 128GB BIDDS (Pink Gold),449890,399890,3998,"['Планшет SAMSUNG Galaxy Tab A7 lite SM T 225 NZAAS (gray) 8,7""/32GB/4G', 'Планшет SAMSUNG Galaxy Tab A7 lite SM T 225 NZSAS (silver) 8,7""/32GB/4G', 'Наушники для телефона SAMSUNG Galaxy Buds2 (Graphite) SM-R177NZKACIS', 'Наушники для телефона SAMSUNG Galaxy Buds2 (White) SM-R177NZWACIS', 'Наушники для телефона SAMSUNG Galaxy Buds2 (Olive) SM-R177NZGACIS', 'Наушники для телефона SAMSUNG Galaxy Buds2 (Lavender) SM-R177NLVACIS']","[99890, 99890, 89990, 89990, 89990, 89990]"
06/02/2023,Apple,Телефон сотовый APPLE iPhone 13 Pro Max 256GB Graphite,779990,749990,7499
06/02/2023,Samsung,Телефон сотовый SAMSUNG SM S 908 Galaxy S22 Ultra 5G 512GB BDRHS (Red),849890,599890,5998,"['Смарт часы SAMSUNG Galaxy Watch4 Classic 46mm Black (SM-R890NZKACIS)', 'Наушники для телефона SAMSUNG Galaxy Buds2 Pro (purple)', 'Наушники для телефона SAMSUNG Galaxy Buds2 Pro (gray)', 'Наушники для телефона SAMSUNG Galaxy Buds2 Pro (white)']","[219890, 119990, 119990, 119990]"
06/02/2023,Samsung,Телефон сотовый SAMSUNG SM A 525 Galaxy A52 256 GB FLVIS (Violet),209890,139990,13999
06/02/2023,Huawei,Телефон сотовый HUAWEI Nova Y90 4/128GB (Полночный чёрный) (CTR-LX1),129890,102990,10299
06/02/2023,Samsung,Телефон сотовый SAMSUNG SM A 536 Galaxy A53 128GB EZWDS (White),239890,179890,17989
06/02/2023,Samsung,Телефон сотовый SAMSUNG SM G 990 Galaxy S21 FE 128GB NEW BLGFS (Green),349890,299890,2998,"['Планшет SAMSUNG Galaxy Tab A7 lite SM T 225 NZAAS (gray) 8,7""/32GB/4G', 'Планшет SAMSUNG Galaxy Tab A7 lite SM T 225 NZSAS (silver) 8,7""/32GB/4G', 'Наушники для телефона SAMSUNG Galaxy Buds2 (Graphite) SM-R177NZKACIS', 'Наушники для телефона SAMSUNG Galaxy Buds2 (White) SM-R177NZWACIS', 'Наушники для телефона SAMSUNG Galaxy Buds2 (Olive) SM-R177NZGACIS', 'Наушники для телефона SAMSUNG Galaxy Buds2 (Lavender) SM-R177NLVACIS']","[99890, 99890, 89990, 89990, 89990, 89990]"
06/02/2023,Xiaomi,Телефон сотовый XIAOMI Redmi Note 11 Pro 8/128GB Polar White,159990,159990,3199
06/02/2023,Xiaomi,Телефон сотовый XIAOMI 12 Lite 8/256GB Black,239990,239990,4799
06/02/2023,HONOR,Телефон сотовый HONOR X7A (4/128GB) Ocean Blue,109990,109990,21998,['Чехол для телефона HONOR X7A TPU CASE TRANSPARENT'],[3490]
06/02/2023,POCO,Телефон сотовый POCO M4 Pro 5G 6/128GB Poco Yellow,129990,129990,2599
06/02/2023,Vivo,Телефон сотовый VIVO V23 5G 8/128GB Stardust Black (V2130),249990,189990,18999,"['Подарок VIVO 4813635 Plactic Mobile Phone Holder Держатель Смартфона', 'Подарок VIVO 4813636 Bluetooth Speaker Динамик Bluetooth', 'Подарок VIVO 4813637 Gift Box Подарочная Коробка']","[0, 0, 0]"
06/02/2023,Huawei,Телефон сотовый HUAWEI Mate 50 Pro (8/256GB) (Элегантный черный) (DCO-LX9),549890,549890,54989,"['Телефон сотовый HUAWEI Nova Y70 4/128GB (Голубой кристалл) (MGA-LX9N)', 'Телефон сотовый HUAWEI Nova Y70 4/128GB (Полночный черный) (MGA-LX9N)']","[129990, 129990]"
06/02/2023,Samsung,Телефон сотовый SAMSUNG SM A 736 Galaxy A73 5G 8/256GB BZWHS (White),339890,239890,23989
06/02/2023,Samsung,Телефон сотовый SAMSUNG SM A 045 Galaxy A04 (4/64GB) FZKGS (Black),74890,64890,648
06/02/2023,Samsung,Телефон сотовый SAMSUNG SM S 908 Galaxy S22 Ultra 5G 128GB BZKDS (Black),699890,549890,5498,"['Смарт часы SAMSUNG Galaxy Watch4 Classic 46mm Black (SM-R890NZKACIS)', 'Наушники для телефона SAMSUNG Galaxy Buds2 Pro (purple)', 'Наушники для телефона SAMSUNG Galaxy Buds2 Pro (gray)', 'Наушники для телефона SAMSUNG Galaxy Buds2 Pro (white)']","[219890, 119990, 119990, 119990]"
06/02/2023,POCO,Телефон сотовый POCO M3 Pro 6/128GB Cool Blue,139990,139990,2799
06/02/2023,Xiaomi,Телефон сотовый XIAOMI Mi 11 8/256GB Horizon Blue,339990,339990,6799
06/02/2023,Huawei,Телефон сотовый HUAWEI P40 Pro Silver Frost,499890,499890,49989
06/02/2023,HONOR,Телефон сотовый HONOR 70 (8/128GB) Emerald Green,279990,279990,27999,"['Наушники для телефона HONOR Choice Earbuds X3 (Gray)', 'Наушники для телефона HONOR Choice Earbuds X3']","[26980, 26980]"
06/02/2023,Samsung,Телефон сотовый SAMSUNG SM A 127 Galaxy A12 64GB (new) FZKVS (black),89890,89890,8989
06/02/2023,Samsung,Телефон сотовый SAMSUNG SM S 908 Galaxy S22 Ultra 5G 128GB BZWDS (White),699890,549890,5498,"['Смарт часы SAMSUNG Galaxy Watch4 Classic 46mm Black (SM-R890NZKACIS)', 'Наушники для телефона SAMSUNG Galaxy Buds2 Pro (purple)', 'Наушники для телефона SAMSUNG Galaxy Buds2 Pro (gray)', 'Наушники для телефона SAMSUNG Galaxy Buds2 Pro (white)']","[219890, 119990, 119990, 119990]"
06/02/2023,Apple,Телефон сотовый APPLE iPhone 14 Pro Max 256GB (Silver),839990,799990,40000
06/02/2023,Apple,Телефон сотовый APPLE iPhone 13 Pro Max 128GB Graphite,709990,679990,6799
06/02/2023,Apple,Телефон сотовый APPLE iPhone 12 128GB (Green),449990,414990,4149
06/02/2023,Apple,Телефон сотовый APPLE iPhone 14 Pro 512GB (Space Black),909990,909990,45500
06/02/2023,Vivo,Телефон сотовый VIVO Y1S Olive Black (2015),64990,64990,6499
06/02/2023,Samsung,Телефон сотовый SAMSUNG SM S 906 Galaxy S22 Plus 5G 256GB BZWGS (White),599890,479990,4799,"['Смарт часы SAMSUNG Galaxy Watch4 Classic 46mm Black (SM-R890NZKACIS)', 'Наушники для телефона SAMSUNG Galaxy Buds2 Pro (purple)', 'Наушники для телефона SAMSUNG Galaxy Buds2 Pro (gray)', 'Наушники для телефона SAMSUNG Galaxy Buds2 Pro (white)']","[219890, 119990, 119990, 119990]"
06/02/2023,Vivo,Телефон сотовый VIVO Y16 3/32GB Stellar Black (2204),79990,64990,6499,"['Подарок VIVO 4813635 Plactic Mobile Phone Holder Держатель Смартфона', 'Подарок VIVO 4813636 Bluetooth Speaker Динамик Bluetooth', 'Подарок VIVO 4813637 Gift Box Подарочная Коробка']","[0, 0, 0]"
06/02/2023,Samsung,Телефон сотовый SAMSUNG SM A 035 Galaxy A03 64GB FZBGS (Blue),79890,79890,7989
06/02/2023,Apple,Телефон сотовый APPLE iPhone 11 64GB (Red) ECO,299990,269990,13500
06/02/2023,HONOR,Телефон сотовый HONOR X7A (4/128GB) Titanium Silver,109990,109990,21998,['Чехол для телефона HONOR X7A TPU CASE TRANSPARENT'],[3490]
06/02/2023,Xiaomi,Телефон сотовый XIAOMI Redmi 10 2022 4/128GB Sea Blue,99990,89990,899
06/02/2023,Samsung,Телефон сотовый SAMSUNG SM A 536 Galaxy A53 128GB EZODS (Orange),239890,179890,17989
06/02/2023,Vivo,Телефон сотовый VIVO V25e 8/128GB Diamond Black (V2201),199990,189990,18999,"['Смарт часы Zeblaze Btalk Smart Watch 44 mm Green / Зеленый', 'Смарт часы Zeblaze Btalk Smart Watch 44 mm Orange / Оранжевый']","[29990, 29990]"
06/02/2023,Huawei,Телефон сотовый HUAWEI Nova Y70 4/64GB (Полночный черный) (MGA-LX9N),99890,72990,7299,['Смарт часы HUAWEI WATCH Fit графитовый черный (TIA-B09)'],[49890]
06/02/2023,Apple,Телефон сотовый APPLE iPhone 13 256GB Pink,599990,479990,4799
06/02/2023,Samsung,Телефон сотовый SAMSUNG SM S 901 Galaxy S22 5G 256GB BZGGS (Green),499890,429890,4298,"['Планшет SAMSUNG Galaxy Tab A7 lite SM T 225 NZAAS (gray) 8,7""/32GB/4G', 'Планшет SAMSUNG Galaxy Tab A7 lite SM T 225 NZSAS (silver) 8,7""/32GB/4G', 'Наушники для телефона SAMSUNG Galaxy Buds2 (Graphite) SM-R177NZKACIS', 'Наушники для телефона SAMSUNG Galaxy Buds2 (White) SM-R177NZWACIS', 'Наушники для телефона SAMSUNG Galaxy Buds2 (Olive) SM-R177NZGACIS', 'Наушники для телефона SAMSUNG Galaxy Buds2 (Lavender) SM-R177NLVACIS']","[99890, 99890, 89990, 89990, 89990, 89990]"
06/02/2023,Vivo,Телефон сотовый VIVO V23 5G 12/256GB Sunshine Gold (V2130),279990,279990,27999,"['Подарок VIVO 4813635 Plactic Mobile Phone Holder Держатель Смартфона', 'Подарок VIVO 4813636 Bluetooth Speaker Динамик Bluetooth', 'Подарок VIVO 4813637 Gift Box Подарочная Коробка']","[0, 0, 0]"
06/02/2023,Vivo,Телефон сотовый VIVO Y12S Phantom Black (2026),71990,71990,7199
06/02/2023,Samsung,Телефон сотовый SAMSUNG SM S 906 Galaxy S22 Plus 5G 128GB BZGDS (Green),549890,449890,4498,"['Смарт часы SAMSUNG Galaxy Watch4 Classic 46mm Black (SM-R890NZKACIS)', 'Наушники для телефона SAMSUNG Galaxy Buds2 Pro (purple)', 'Наушники для телефона SAMSUNG Galaxy Buds2 Pro (gray)', 'Наушники для телефона SAMSUNG Galaxy Buds2 Pro (white)']","[219890, 119990, 119990, 119990]"
06/02/2023,Huawei,Телефон сотовый HUAWEI Y5p (mint green),59890,59890,5989
06/02/2023,OPPO,Телефон сотовый OPPO A17K 3/64GB Navy Blue,74990,74990,7499
06/02/2023,Xiaomi,Телефон сотовый XIAOMI Redmi 9C 4/128GB Sunrise Orange,74990,74990,1499
06/02/2023,Apple,Телефон сотовый APPLE iPhone 12 64GB (White),414990,379990,3799
06/02/2023,Samsung,Телефон сотовый SAMSUNG SM A 325 Galaxy A32 64 GB FZWDS (White),129890,79990,7999
06/02/2023,Xiaomi,Телефон сотовый XIAOMI Redmi A1+ 2/32GB Light Green,49990,49990,999
06/02/2023,Huawei,Телефон сотовый HUAWEI Nova 10 SE 8/128GB (Мятный зеленый) (BNE-LX1),189890,159990,15999
06/02/2023,Vivo,Телефон сотовый VIVO Y16 3/32GB Drizzling Gold (2204),79990,64990,6499,"['Подарок VIVO 4813635 Plactic Mobile Phone Holder Держатель Смартфона', 'Подарок VIVO 4813636 Bluetooth Speaker Динамик Bluetooth', 'Подарок VIVO 4813637 Gift Box Подарочная Коробка']","[0, 0, 0]"
06/02/2023,Samsung,Телефон сотовый SAMSUNG SM G 990 Galaxy S21 FE 256GB NEW BLGWS (Green),389890,329890,3298,"['Планшет SAMSUNG Galaxy Tab A7 lite SM T 225 NZAAS (gray) 8,7""/32GB/4G', 'Планшет SAMSUNG Galaxy Tab A7 lite SM T 225 NZSAS (silver) 8,7""/32GB/4G', 'Наушники для телефона SAMSUNG Galaxy Buds2 (Graphite) SM-R177NZKACIS', 'Наушники для телефона SAMSUNG Galaxy Buds2 (White) SM-R177NZWACIS', 'Наушники для телефона SAMSUNG Galaxy Buds2 (Olive) SM-R177NZGACIS', 'Наушники для телефона SAMSUNG Galaxy Buds2 (Lavender) SM-R177NLVACIS']","[99890, 99890, 89990, 89990, 89990, 89990]"
06/02/2023,Xiaomi,Телефон сотовый XIAOMI Redmi Note 11 4/64GB Graphite Gray,109990,99990,999
06/02/2023,Samsung,Телефон сотовый SAMSUNG SM G 990 Galaxy S21 FE 256GB NEW BLVWS (Violet),389890,329890,3298,"['Планшет SAMSUNG Galaxy Tab A7 lite SM T 225 NZAAS (gray) 8,7""/32GB/4G', 'Планшет SAMSUNG Galaxy Tab A7 lite SM T 225 NZSAS (silver) 8,7""/32GB/4G', 'Наушники для телефона SAMSUNG Galaxy Buds2 (Graphite) SM-R177NZKACIS', 'Наушники для телефона SAMSUNG Galaxy Buds2 (White) SM-R177NZWACIS', 'Наушники для телефона SAMSUNG Galaxy Buds2 (Olive) SM-R177NZGACIS', 'Наушники для телефона SAMSUNG Galaxy Buds2 (Lavender) SM-R177NLVACIS']","[99890, 99890, 89990, 89990, 89990, 89990]"
06/02/2023,Samsung,Телефон сотовый SAMSUNG SM A 536 Galaxy A53 256GB EZWHS (White),279890,199890,19989
06/02/2023,Vivo,Телефон сотовый VIVO Y01 2/32GB Elegant Black (V2118),64990,59990,5999
06/02/2023,Samsung,Телефон сотовый SAMSUNG SM A 325 Galaxy A32 64 GB FLVDS (Violet),129890,79990,7999
06/02/2023,Apple,Телефон сотовый APPLE iPhone SE 2022 64GB Midnight,304990,304990,6099
06/02/2023,Vivo,Телефон сотовый VIVO V25 5G 8/256GB Diamond Black (V2202),259990,249990,24999,"['Смарт часы Zeblaze Btalk Smart Watch 44 mm Green / Зеленый', 'Смарт часы Zeblaze Btalk Smart Watch 44 mm Orange / Оранжевый']","[29990, 29990]"
06/02/2023,HONOR,Телефон сотовый HONOR X7 (4/128GB) Ocean Blue,119990,119990,11999
06/02/2023,Vivo,Телефон сотовый VIVO V25 5G 8/256GB Aquamarine Blue (V2202),259990,249990,24999,"['Смарт часы Zeblaze Btalk Smart Watch 44 mm Green / Зеленый', 'Смарт часы Zeblaze Btalk Smart Watch 44 mm Orange / Оранжевый']","[29990, 29990]"
06/02/2023,Huawei,Телефон сотовый HUAWEI Nova 10 8/128GB (Сияющий черный) (NCO-LX1),259890,229990,22999
06/02/2023,Apple,Телефон сотовый APPLE iPhone 13 Pro Max 1TB Sierra Blue,989990,954990,9549
06/02/2023,Xiaomi,Телефон сотовый XIAOMI 12 Lite 8/256GB Lite Pink,239990,239990,4799
06/02/2023,Xiaomi,Телефон сотовый XIAOMI Redmi Note 11 4/64GB Star Blue,109990,99990,999
06/02/2023,Realme,Телефон сотовый REALME GT Neo 3 (12/256GB) Black,329990,329990,6599
06/02/2023,Huawei,Телефон сотовый HUAWEI P Smart 2021 (Midnight Black),119890,119890,11989
06/02/2023,Samsung,Телефон сотовый SAMSUNG SM A 035 Galaxy A03 32GB FZBDS (Blue),69890,69890,6989
06/02/2023,Vivo,Телефон сотовый VIVO Y33s 4/64GB Midday Dream (V2109),109990,84990,8499,"['Чехол для телефона VIVO Y21/Y21s/Y33s Transparent Cover Light Grey', 'Подарок VIVO 4813635 Plactic Mobile Phone Holder Держатель Смартфона', 'Подарок VIVO 4813636 Bluetooth Speaker Динамик Bluetooth', 'Подарок VIVO 4813637 Gift Box Подарочная Коробка']","[3990, 0, 0, 0]"
06/02/2023,Apple,Телефон сотовый APPLE iPhone 13 256GB (Green),599990,479990,4799
06/02/2023,Apple,Телефон сотовый APPLE iPhone 14 Plus 128GB (Blue),629990,559990,28000
06/02/2023,Apple,Телефон сотовый APPLE iPhone 13 256GB Starlight,599990,479990,4799
06/02/2023,Samsung,Телефон сотовый SAMSUNG SM F 711 Galaxy Z Flip 3 128GB (Black),549890,299990,2999
06/02/2023,Xiaomi,Телефон сотовый XIAOMI Redmi Note 11 4/128GB Twilight Blue,119990,109990,1099
06/02/2023,OPPO,Телефон сотовый OPPO A96 (6/128) Sunset Blue,169990,139990,13999
06/02/2023,Xiaomi,Телефон сотовый XIAOMI 12T 8/256GB Blue,299990,249990,24999
06/02/2023,Realme,Телефон сотовый REALME GT Neo 3 (12/256GB) Blue,329990,329990,6599
06/02/2023,Samsung,Телефон сотовый SAMSUNG SM A 042 Galaxy A04e (3/64GB) FZCHS (Copper),64890,59890,598
06/02/2023,Apple,Телефон сотовый APPLE iPhone 13 Pro 128GB Silver,634990,634990,12699
06/02/2023,Xiaomi,Телефон сотовый XIAOMI Redmi Note 10 Pro 8/128GB Glacier Blue,164990,164990,3299
06/02/2023,Realme,Телефон сотовый REALME 8 Pro (6/128GB) Black,149990,149990,14999
06/02/2023,Samsung,Телефон сотовый SAMSUNG SM A 325 Galaxy A32 128 GB FLVGS (Violet),139890,99990,9999
06/02/2023,Samsung,Телефон сотовый SAMSUNG SM F 711 Galaxy Z Flip 3 256GB (NEW) (Violet),579890,319990,3199
06/02/2023,Huawei,Телефон сотовый HUAWEI Nova 9 Black,299890,299890,29989
06/02/2023,Samsung,Телефон сотовый SAMSUNG SM A 035 Galaxy A03 64GB FZKGS (Black),79890,79890,7989
06/02/2023,Samsung,Телефон сотовый SAMSUNG SM G 996 Galaxy S21 Plus 256GB BZKGS (Black),529890,279990,2799
06/02/2023,Samsung,Телефон сотовый SAMSUNG SM A 536 Galaxy A53 256GB EZOHS (Orange),279890,199890,19989
06/02/2023,OPPO,Телефон сотовый OPPO RENO 7 5G (8/256GB) Starry Black,259990,259990,25999
06/02/2023,Xiaomi,Телефон сотовый XIAOMI Redmi 10 2022 4/64GB Pebble White,89990,79990,799
06/02/2023,Xiaomi,Телефон сотовый XIAOMI Redmi 10 2022 4/128GB Pebble White,99990,89990,899
06/02/2023,Samsung,Телефон сотовый SAMSUNG SM A 736 Galaxy A73 5G 6/128GB BZWDS (White),299890,219890,21989
06/02/2023,Samsung,Телефон сотовый SAMSUNG SM F 936 Galaxy Z Fold 4 5G 512GB (Beige),1099890,1099890,21997,"['Смарт часы SAMSUNG Galaxy Watch4 Classic 46mm Black (SM-R890NZKACIS)', 'Наушники для телефона SAMSUNG Galaxy Buds2 Pro (purple)', 'Наушники для телефона SAMSUNG Galaxy Buds2 Pro (gray)', 'Наушники для телефона SAMSUNG Galaxy Buds2 Pro (white)']","[219890, 119990, 119990, 119990]"
06/02/2023,Apple,Телефон сотовый APPLE iPhone 14 256GB (Purple),629990,549990,27500
06/02/2023,Apple,Телефон сотовый APPLE iPhone 14 Pro Max 128GB (Space Black),769990,729990,36500
06/02/2023,Realme,Телефон сотовый REALME C30S (2/32GB) Blue,54990,44990,449
06/02/2023,Samsung,Телефон сотовый SAMSUNG SM S 918 Galaxy S23 Ultra 5G 512GB BZKHS (Black),819890,749890,7498,"['Смарт часы SAMSUNG Galaxy Watch4 Classic 46mm Black (SM-R890NZKACIS)', 'Наушники для телефона SAMSUNG Galaxy Buds2 Pro (purple)', 'Наушники для телефона SAMSUNG Galaxy Buds2 Pro (gray)', 'Наушники для телефона SAMSUNG Galaxy Buds2 Pro (white)']","[219890, 119990, 119990, 119990]"
06/02/2023,POCO,Телефон сотовый POCO F3 8/256GB Arctic White,239990,239990,4799
06/02/2023,Xiaomi,Телефон сотовый XIAOMI Mi8 PRO 128GB Titanium,249990,249990,4999
06/02/2023,Samsung,Телефон сотовый SAMSUNG SM S 901 Galaxy S22 5G 128GB BZWDS (White),449890,399890,3998,"['Планшет SAMSUNG Galaxy Tab A7 lite SM T 225 NZAAS (gray) 8,7""/32GB/4G', 'Планшет SAMSUNG Galaxy Tab A7 lite SM T 225 NZSAS (silver) 8,7""/32GB/4G', 'Наушники для телефона SAMSUNG Galaxy Buds2 (Graphite) SM-R177NZKACIS', 'Наушники для телефона SAMSUNG Galaxy Buds2 (White) SM-R177NZWACIS', 'Наушники для телефона SAMSUNG Galaxy Buds2 (Olive) SM-R177NZGACIS', 'Наушники для телефона SAMSUNG Galaxy Buds2 (Lavender) SM-R177NLVACIS']","[99890, 99890, 89990, 89990, 89990, 89990]"
06/02/2023,Samsung,Телефон сотовый SAMSUNG SM S 906 Galaxy S22 Plus 5G 256GB BIDGS (Pink Gold),599890,479990,4799,"['Смарт часы SAMSUNG Galaxy Watch4 Classic 46mm Black (SM-R890NZKACIS)', 'Наушники для телефона SAMSUNG Galaxy Buds2 Pro (purple)', 'Наушники для телефона SAMSUNG Galaxy Buds2 Pro (gray)', 'Наушники для телефона SAMSUNG Galaxy Buds2 Pro (white)']","[219890, 119990, 119990, 119990]"
06/02/2023,Samsung,Телефон сотовый SAMSUNG SM S 906 Galaxy S22 Plus 5G 128GB BZWDS (White),549890,449890,4498,"['Смарт часы SAMSUNG Galaxy Watch4 Classic 46mm Black (SM-R890NZKACIS)', 'Наушники для телефона SAMSUNG Galaxy Buds2 Pro (purple)', 'Наушники для телефона SAMSUNG Galaxy Buds2 Pro (gray)', 'Наушники для телефона SAMSUNG Galaxy Buds2 Pro (white)']","[219890, 119990, 119990, 119990]"
06/02/2023,Apple,Телефон сотовый APPLE iPhone 14 Plus 128GB (Purple),629990,559990,28000
06/02/2023,Huawei,Телефон сотовый HUAWEI Nova 10 Pro 8/256GB (Сияющий черный) (GLA-LX1),329890,299990,29999
06/02/2023,Apple,Телефон сотовый APPLE iPhone 13 Pro Max 512GB Graphite,849990,849990,16999
06/02/2023,Samsung,Телефон сотовый SAMSUNG SM G 991 Galaxy S21 128GB BZIDS (Pink),409890,229990,2299
06/02/2023,Xiaomi,Телефон сотовый XIAOMI Redmi 10 4/64GB Carbon Grey,89990,89990,1799
06/02/2023,Xiaomi,Телефон сотовый XIAOMI Redmi 10C 4/64GB Mint Green,79990,69990,699
06/02/2023,Xiaomi,Телефон сотовый XIAOMI 12X 8/128GB Gray,329990,299990,29999
06/02/2023,Vivo,Телефон сотовый VIVO V25 Pro 5G 12/256GB Starlight Black (V2158),329990,319990,31999,"['Смарт часы Zeblaze Btalk Smart Watch 44 mm Green / Зеленый', 'Смарт часы Zeblaze Btalk Smart Watch 44 mm Orange / Оранжевый', 'Подарок VIVO 4813635 Plactic Mobile Phone Holder Держатель Смартфона', 'Подарок VIVO 4813636 Bluetooth Speaker Динамик Bluetooth', 'Подарок VIVO 4813637 Gift Box Подарочная Коробка']","[29990, 29990, 0, 0, 0]"
06/02/2023,Samsung,Телефон сотовый SAMSUNG SM A 325 Galaxy A32 64 GB FZBDS (Blue),129890,79990,7999
06/02/2023,Samsung,Телефон сотовый SAMSUNG SM S 906 Galaxy S22 Plus 5G 128GB BZKDS (Black),549890,449890,4498,"['Смарт часы SAMSUNG Galaxy Watch4 Classic 46mm Black (SM-R890NZKACIS)', 'Наушники для телефона SAMSUNG Galaxy Buds2 Pro (purple)', 'Наушники для телефона SAMSUNG Galaxy Buds2 Pro (gray)', 'Наушники для телефона SAMSUNG Galaxy Buds2 Pro (white)']","[219890, 119990, 119990, 119990]"
06/02/2023,Samsung,Телефон сотовый SAMSUNG SM F 721 Galaxy Z Flip 4 5G 256GB (Gold),599890,599890,11997,"['Смарт часы SAMSUNG Galaxy Watch4 Classic 46mm Black (SM-R890NZKACIS)', 'Наушники для телефона SAMSUNG Galaxy Buds2 Pro (purple)', 'Наушники для телефона SAMSUNG Galaxy Buds2 Pro (gray)', 'Наушники для телефона SAMSUNG Galaxy Buds2 Pro (white)']","[219890, 119990, 119990, 119990]"
06/02/2023,Samsung,Телефон сотовый SAMSUNG SM F 936 Galaxy Z Fold 4 5G 256GB (Black),999890,999890,19997,"['Смарт часы SAMSUNG Galaxy Watch4 Classic 46mm Black (SM-R890NZKACIS)', 'Наушники для телефона SAMSUNG Galaxy Buds2 Pro (purple)', 'Наушники для телефона SAMSUNG Galaxy Buds2 Pro (gray)', 'Наушники для телефона SAMSUNG Galaxy Buds2 Pro (white)']","[219890, 119990, 119990, 119990]"
06/02/2023,Samsung,Телефон сотовый SAMSUNG SM A 022 Galaxy A02 32GB GZRBS (Red),54890,54890,5489
06/02/2023,Xiaomi,Телефон сотовый XIAOMI Redmi 9A 32GB Glacial Blue,59990,49990,4999
06/02/2023,Samsung,Телефон сотовый SAMSUNG SM F 721 Galaxy Z Flip 4 5G 256GB (Blue),599890,599890,11997,"['Смарт часы SAMSUNG Galaxy Watch4 Classic 46mm Black (SM-R890NZKACIS)', 'Наушники для телефона SAMSUNG Galaxy Buds2 Pro (purple)', 'Наушники для телефона SAMSUNG Galaxy Buds2 Pro (gray)', 'Наушники для телефона SAMSUNG Galaxy Buds2 Pro (white)']","[219890, 119990, 119990, 119990]"
06/02/2023,OPPO,Телефон сотовый OPPO A57s 4/64GB Sky Blue,104990,104990,10499,['Чехол для телефона OPPO A57S Silicone Cover Transparent'],[990]
06/02/2023,Apple,Телефон сотовый APPLE iPhone 14 512GB (Blue),769990,699990,35000
06/02/2023,Apple,Телефон сотовый APPLE iPhone 14 Pro Max 128GB (Gold),769990,729990,36500
06/02/2023,Xiaomi,Телефон сотовый XIAOMI Redmi 10A 3/64GB Sky Blue,69990,69990,1399
06/02/2023,OPPO,Телефон сотовый OPPO A77s 8/128GB Sunset Orange,169990,169990,16999
06/02/2023,Samsung,Телефон сотовый SAMSUNG SM F 711 Galaxy Z Flip 3 256GB (NEW) (Green),579890,319990,3199
06/02/2023,Apple,Телефон сотовый APPLE iPhone 13 mini 128GB Blue,414990,379990,3799
06/02/2023,Xiaomi,Телефон сотовый XIAOMI 11T Pro 8/128GB Celestial Blue,299990,299990,5999
06/02/2023,Samsung,Телефон сотовый SAMSUNG SM F 936 Galaxy Z Fold 4 5G 256GB (Beige),999890,999890,19997,"['Смарт часы SAMSUNG Galaxy Watch4 Classic 46mm Black (SM-R890NZKACIS)', 'Наушники для телефона SAMSUNG Galaxy Buds2 Pro (purple)', 'Наушники для телефона SAMSUNG Galaxy Buds2 Pro (gray)', 'Наушники для телефона SAMSUNG Galaxy Buds2 Pro (white)']","[219890, 119990, 119990, 119990]"
06/02/2023,Apple,Телефон сотовый APPLE iPhone 14 Plus 128GB (Midnight),629990,559990,28000
06/02/2023,POCO,Телефон сотовый POCO M4 Pro 5G 6/128GB Power Black,129990,129990,2599
06/02/2023,Samsung,Телефон сотовый SAMSUNG SM A 037 Galaxy A03s 64GB FZWGS (White),74890,74890,7489
06/02/2023,Huawei,Телефон сотовый HUAWEI P40 Lite (Crush Green),129890,129890,12989
06/02/2023,Realme,Телефон сотовый REALME C21Y (4/64GB) Blue,79990,79990,7999
06/02/2023,Samsung,Телефон сотовый SAMSUNG SM S 906 Galaxy S22 Plus 5G 128GB BIDDS (Pink Gold),549890,449890,4498,"['Смарт часы SAMSUNG Galaxy Watch4 Classic 46mm Black (SM-R890NZKACIS)', 'Наушники для телефона SAMSUNG Galaxy Buds2 Pro (purple)', 'Наушники для телефона SAMSUNG Galaxy Buds2 Pro (gray)', 'Наушники для телефона SAMSUNG Galaxy Buds2 Pro (white)']","[219890, 119990, 119990, 119990]"
06/02/2023,Samsung,Телефон сотовый SAMSUNG SM A 035 Galaxy A03 64GB FZRGS (Red),79890,79890,7989
06/02/2023,Apple,Телефон сотовый APPLE iPhone 14 Pro 512GB (Silver),909990,909990,45500
06/02/2023,Huawei,Телефон сотовый HUAWEI Nova 10 Pro 8/256GB (Мерцающий серебристый) (GLA-LX1),329890,299990,29999
06/02/2023,OPPO,Телефон сотовый OPPO A57s 4/128GB Sky Blue,124990,124990,12499,['Чехол для телефона OPPO A57S Silicone Cover Transparent'],[990]
06/02/2023,OPPO,Телефон сотовый OPPO A77s 8/128GB Starry Black,169990,169990,16999
06/02/2023,HONOR,Телефон сотовый HONOR X5 (2/32GB) Sunrise Orange,59990,49990,4999
06/02/2023,Samsung,Телефон сотовый SAMSUNG SM A 047 Galaxy A04s (4/64GB) FZKGS (Black),89890,74890,748
06/02/2023,POCO,Телефон сотовый POCO M4 Pro 5G 6/128GB Cool Blue,129990,129990,2599
06/02/2023,Xiaomi,Телефон сотовый XIAOMI Redmi 10 4/128GB Carbon Grey,99990,99990,1999
06/02/2023,Samsung,Телефон сотовый SAMSUNG SM S 901 Galaxy S22 5G 256GB BZWGS (White),499890,429890,4298,"['Планшет SAMSUNG Galaxy Tab A7 lite SM T 225 NZAAS (gray) 8,7""/32GB/4G', 'Планшет SAMSUNG Galaxy Tab A7 lite SM T 225 NZSAS (silver) 8,7""/32GB/4G', 'Наушники для телефона SAMSUNG Galaxy Buds2 (Graphite) SM-R177NZKACIS', 'Наушники для телефона SAMSUNG Galaxy Buds2 (White) SM-R177NZWACIS', 'Наушники для телефона SAMSUNG Galaxy Buds2 (Olive) SM-R177NZGACIS', 'Наушники для телефона SAMSUNG Galaxy Buds2 (Lavender) SM-R177NLVACIS']","[99890, 99890, 89990, 89990, 89990, 89990]"
06/02/2023,Realme,Телефон сотовый REALME C30S (4/64GB) Blue,59990,59990,5999
06/02/2023,HONOR,Телефон сотовый HONOR X5 (2/32GB) Midnight Black,59990,49990,4999
06/02/2023,Samsung,Телефон сотовый SAMSUNG SM A 042 Galaxy A04e (4/128GB) FLBKS (Blue),79890,69890,698
06/02/2023,Vivo,Телефон сотовый VIVO V21E Diamond Flare (2061),149990,149990,14999
06/02/2023,Apple,Телефон сотовый APPLE iPhone 13 256GB Blue,599990,479990,4799
06/02/2023,Samsung,Телефон сотовый SAMSUNG SM F 711 Galaxy Z Flip 3 256GB (Black),579890,319990,3199
06/02/2023,Samsung,Телефон сотовый SAMSUNG SM F 721 Galaxy Z Flip 4 5G 128GB (Gray),549890,549890,10997,"['Смарт часы SAMSUNG Galaxy Watch4 Classic 46mm Black (SM-R890NZKACIS)', 'Наушники для телефона SAMSUNG Galaxy Buds2 Pro (purple)', 'Наушники для телефона SAMSUNG Galaxy Buds2 Pro (gray)', 'Наушники для телефона SAMSUNG Galaxy Buds2 Pro (white)']","[219890, 119990, 119990, 119990]"
06/02/2023,Realme,Телефон сотовый REALME C33 (4/64GB) Blue,69990,69990,6999
06/02/2023,Samsung,Телефон сотовый SAMSUNG SM F 711 Galaxy Z Flip 3 256GB (NEW) (Beige),579890,319990,3199
06/02/2023,Samsung,Телефон сотовый SAMSUNG SM F 711 Galaxy Z Flip 3 128GB (Violet),549890,299990,2999
06/02/2023,Samsung,Телефон сотовый SAMSUNG SM S 901 Galaxy S22 5G 256GB BIDGS (Pink Gold),499890,429890,4298,"['Планшет SAMSUNG Galaxy Tab A7 lite SM T 225 NZAAS (gray) 8,7""/32GB/4G', 'Планшет SAMSUNG Galaxy Tab A7 lite SM T 225 NZSAS (silver) 8,7""/32GB/4G', 'Наушники для телефона SAMSUNG Galaxy Buds2 (Graphite) SM-R177NZKACIS', 'Наушники для телефона SAMSUNG Galaxy Buds2 (White) SM-R177NZWACIS', 'Наушники для телефона SAMSUNG Galaxy Buds2 (Olive) SM-R177NZGACIS', 'Наушники для телефона SAMSUNG Galaxy Buds2 (Lavender) SM-R177NLVACIS']","[99890, 99890, 89990, 89990, 89990, 89990]"
06/02/2023,Huawei,Телефон сотовый HUAWEI Nova Y70 4/128GB (Полночный черный) (MGA-LX9N),129990,89990,8999
06/02/2023,Samsung,Телефон сотовый SAMSUNG SM F 721 Galaxy Z Flip 4 5G 256GB (Gray),599890,599890,11997,"['Смарт часы SAMSUNG Galaxy Watch4 Classic 46mm Black (SM-R890NZKACIS)', 'Наушники для телефона SAMSUNG Galaxy Buds2 Pro (purple)', 'Наушники для телефона SAMSUNG Galaxy Buds2 Pro (gray)', 'Наушники для телефона SAMSUNG Galaxy Buds2 Pro (white)']","[219890, 119990, 119990, 119990]"
06/02/2023,Apple,Телефон сотовый APPLE iPhone 14 Plus 256GB (Midnight),699990,629990,31500
06/02/2023,Samsung,Телефон сотовый SAMSUNG SM A 042 Galaxy A04e (3/32GB) FLBDS (Blue),59890,54890,548
06/02/2023,POCO,Телефон сотовый POCO M3 Pro 4/64GB Power Black,99990,99990,1999
06/02/2023,Apple,Телефон сотовый APPLE iPhone 12 64GB (Purple),414990,379990,3799
06/02/2023,Huawei,Телефон сотовый HUAWEI P40 Lite E (Midnight Black),89890,89890,8989
06/02/2023,Huawei,Телефон сотовый HUAWEI Nova 10 SE 8/128GB (Сияющий черный) (BNE-LX1),189890,159990,15999
06/02/2023,Samsung,Телефон сотовый SAMSUNG SM A 042 Galaxy A04e (4/128GB) FZKKS (Black),79890,69890,698
06/02/2023,Vivo,Телефон сотовый VIVO Y53s 8/128GB Deep Sea Blue (V2058),139990,129990,12999,"['Смарт часы Zeblaze Btalk Smart Watch 44 mm Green / Зеленый', 'Смарт часы Zeblaze Btalk Smart Watch 44 mm Orange / Оранжевый', 'Подарок VIVO 4813635 Plactic Mobile Phone Holder Держатель Смартфона', 'Подарок VIVO 4813636 Bluetooth Speaker Динамик Bluetooth', 'Подарок VIVO 4813637 Gift Box Подарочная Коробка']","[29990, 29990, 0, 0, 0]"
06/02/2023,Huawei,Телефон сотовый HUAWEI P Smart 2021 (Crush Green),119890,119890,11989
06/02/2023,Xiaomi,Телефон сотовый XIAOMI 12 Lite 8/128GB Lite Pink,219990,219990,4399
06/02/2023,Vivo,Телефон сотовый VIVO Y35 4/128GB Agate Black (V2205),129990,119990,11999,"['Смарт часы Zeblaze Btalk Smart Watch 44 mm Green / Зеленый', 'Смарт часы Zeblaze Btalk Smart Watch 44 mm Orange / Оранжевый', 'Подарок VIVO 4813635 Plactic Mobile Phone Holder Держатель Смартфона', 'Подарок VIVO 4813636 Bluetooth Speaker Динамик Bluetooth', 'Подарок VIVO 4813637 Gift Box Подарочная Коробка']","[29990, 29990, 0, 0, 0]"
06/02/2023,HONOR,Телефон сотовый HONOR X6 (4/64GB) Ocean Blue,89990,79990,7999
06/02/2023,Samsung,Телефон сотовый SAMSUNG SM A 042 Galaxy A04e (3/64GB) FZKHS (Black),64890,59890,598
06/02/2023,Samsung,Телефон сотовый SAMSUNG SM A 325 Galaxy A32 128 GB FZBGS (Blue),139890,99990,9999
06/02/2023,Samsung,Телефон сотовый SAMSUNG SM A 127 Galaxy A12 32GB (new) FZRUS (red),79890,79890,7989
06/02/2023,OPPO,Телефон сотовый OPPO A54 64GB Crystal Black,109990,99990,9999
06/02/2023,Huawei,Телефон сотовый HUAWEI P50 Pocket Premium Edition 12/512GB (Роскошное Золото) (BAL-L49),799890,649890,64989
06/02/2023,Samsung,Телефон сотовый SAMSUNG SM F 721 Galaxy Z Flip 4 5G 128GB (Gold),549890,549890,10997,"['Смарт часы SAMSUNG Galaxy Watch4 Classic 46mm Black (SM-R890NZKACIS)', 'Наушники для телефона SAMSUNG Galaxy Buds2 Pro (purple)', 'Наушники для телефона SAMSUNG Galaxy Buds2 Pro (gray)', 'Наушники для телефона SAMSUNG Galaxy Buds2 Pro (white)']","[219890, 119990, 119990, 119990]"
06/02/2023,Huawei,Телефон сотовый HUAWEI Mate XS 2 (8/512GB) (Белый) (PAL-LX9),999990,999990,99999,"['Телефон сотовый HUAWEI Nova 10 SE 8/128GB (Сияющий черный) (BNE-LX1)', 'Телефон сотовый HUAWEI Nova 10 SE 8/128GB (Мерцающий серебристый) (BNE-LX1)', 'Телефон сотовый HUAWEI Nova 10 SE 8/128GB (Мятный зеленый) (BNE-LX1)']","[189890, 189890, 189890]"
06/02/2023,Xiaomi,Телефон сотовый XIAOMI Redmi 10 4/128GB Pebble White,99990,99990,1999
06/02/2023,POCO,Телефон сотовый POCO F3 6/128GB Deep Ocean Blue,219990,219990,4399
06/02/2023,Samsung,Телефон сотовый SAMSUNG SM A 037 Galaxy A03s 32GB FZWDS (White),64890,64890,6489
06/02/2023,Xiaomi,Телефон сотовый XIAOMI Redmi 10 6/128GB Sea Blue,109990,109990,2199
06/02/2023,Xiaomi,Телефон сотовый XIAOMI Redmi 10C 4/128GB Ocean Blue,84990,74990,749
06/02/2023,WIKO,Телефон сотовый WIKO T50 Mulan 6/128GB Green,149990,149990,29998
06/02/2023,Samsung,Телефон сотовый SAMSUNG SM F 936 Galaxy Z Fold 4 5G 512GB (Black),1099890,1099890,21997,"['Смарт часы SAMSUNG Galaxy Watch4 Classic 46mm Black (SM-R890NZKACIS)', 'Наушники для телефона SAMSUNG Galaxy Buds2 Pro (purple)', 'Наушники для телефона SAMSUNG Galaxy Buds2 Pro (gray)', 'Наушники для телефона SAMSUNG Galaxy Buds2 Pro (white)']","[219890, 119990, 119990, 119990]"
06/02/2023,Vivo,Телефон сотовый VIVO Y55 8/128GB Midnight Galaxy (V2154),159990,139990,13999,"['Смарт часы Zeblaze Btalk Smart Watch 44 mm Green / Зеленый', 'Смарт часы Zeblaze Btalk Smart Watch 44 mm Orange / Оранжевый', 'Подарок VIVO 4813635 Plactic Mobile Phone Holder Держатель Смартфона', 'Подарок VIVO 4813636 Bluetooth Speaker Динамик Bluetooth', 'Подарок VIVO 4813637 Gift Box Подарочная Коробка']","[29990, 29990, 0, 0, 0]"
06/02/2023,Apple,Телефон сотовый APPLE iPhone 14 Pro Max 512GB (Gold),979990,979990,49000
06/02/2023,Huawei,Телефон сотовый HUAWEI Mate 50 Pro (8/256GB) (Снежное серебро) (DCO-LX9),549890,549890,54989,"['Телефон сотовый HUAWEI Nova Y70 4/128GB (Голубой кристалл) (MGA-LX9N)', 'Телефон сотовый HUAWEI Nova Y70 4/128GB (Полночный черный) (MGA-LX9N)']","[129990, 129990]"
06/02/2023,Apple,Телефон сотовый APPLE iPhone 13 Pro Max 128GB Gold,709990,679990,6799
06/02/2023,Xiaomi,Телефон сотовый XIAOMI Redmi 9A 32GB Peacock Green,59990,49990,4999
06/02/2023,Xiaomi,Телефон сотовый XIAOMI 11T 8/256GB Moonlight White,279990,249890,2498
06/02/2023,POCO,Телефон сотовый POCO M3 Pro 6/128GB Power Black,139990,139990,2799
06/02/2023,Samsung,Телефон сотовый SAMSUNG SM F 711 Galaxy Z Flip 3 256GB (Green),579890,319990,3199
06/02/2023,Vivo,Телефон сотовый VIVO Y21 4/64GB Diamond Glow (V2111),99990,79990,7999,"['Подарок VIVO 4813635 Plactic Mobile Phone Holder Держатель Смартфона', 'Подарок VIVO 4813636 Bluetooth Speaker Динамик Bluetooth', 'Подарок VIVO 4813637 Gift Box Подарочная Коробка']","[0, 0, 0]"
06/02/2023,Xiaomi,Телефон сотовый XIAOMI Redmi 10C 4/64GB Ocean Blue,79990,69990,699
06/02/2023,Xiaomi,Телефон сотовый XIAOMI 12 Lite 8/128GB Lite Green,219990,219990,4399
06/02/2023,Samsung,Телефон сотовый SAMSUNG SM A 042 Galaxy A04e (3/32GB) FZKDS (Black),59890,54890,548
06/02/2023,Apple,Телефон сотовый APPLE iPhone 12 64GB (Blue),414990,379990,3799
06/02/2023,Xiaomi,Телефон сотовый XIAOMI Redmi 9C 4/128GB Midnight Gray,74990,74990,1499
06/02/2023,Huawei,Телефон сотовый HUAWEI Y6p (midnight black),69890,69890,6989
06/02/2023,Xiaomi,Телефон сотовый XIAOMI 11T 8/128GB Celestial Blue,259990,259990,5199
06/02/2023,Samsung,Телефон сотовый SAMSUNG SM A 127 Galaxy A12 64GB (new) FZBVS (blue),89890,89890,8989
06/02/2023,Apple,Телефон сотовый APPLE iPhone 13 128GB (PRODUCT)RED,529990,409990,4099
06/02/2023,Huawei,Телефон сотовый HUAWEI Nova 9 SE 8/128GB (Полночный черный) (JLN-LX1),189890,139890,13989
06/02/2023,HONOR,Телефон сотовый HONOR X7 (4/128GB) Titanium Silver,119990,119990,11999
06/02/2023,Apple,Телефон сотовый APPLE iPhone 14 128GB (PRODUCT) Red,559990,479990,24000
06/02/2023,Vivo,Телефон сотовый VIVO V21 Dusk Blue (2066),179990,179990,17999
06/02/2023,Samsung,Телефон сотовый SAMSUNG SM A 127 Galaxy A12 32GB (new) FZKUS (black),79890,79890,7989
06/02/2023,Samsung,Телефон сотовый SAMSUNG SM G 780 Galaxy S20 FE 128GB (NEW) GLVDS (lavender),279890,279890,5597
06/02/2023,Xiaomi,Телефон сотовый XIAOMI Redmi Note 11 4/64GB Twilight Blue,109990,99990,999
06/02/2023,OPPO,Телефон сотовый OPPO A16 32GB Black,89990,59990,5999
06/02/2023,Vivo,Телефон сотовый VIVO V23 5G 12/256GB Stardust Black (V2130),279990,279990,27999,"['Подарок VIVO 4813635 Plactic Mobile Phone Holder Держатель Смартфона', 'Подарок VIVO 4813636 Bluetooth Speaker Динамик Bluetooth', 'Подарок VIVO 4813637 Gift Box Подарочная Коробка']","[0, 0, 0]"
06/02/2023,Apple,Телефон сотовый APPLE iPhone 14 Pro 256GB (Gold),769990,729990,36500
06/02/2023,Apple,Телефон сотовый APPLE iPhone 14 Pro Max 128GB (Silver),769990,729990,36500
06/02/2023,Xiaomi,Телефон сотовый XIAOMI Redmi 10A 3/64GB Chrome Silver,69990,69990,1399
06/02/2023,Huawei,Телефон сотовый HUAWEI Mate 50 (8/256GB) (Снежное серебро) (CET-LX9),499890,499890,49989,"['Телефон сотовый HUAWEI Nova Y70 4/64GB (Полночный черный) (MGA-LX9N)', 'Телефон сотовый HUAWEI Nova Y70 4/64GB (Голубой кристалл) (MGA-LX9N)']","[99890, 99890]"
06/02/2023,Samsung,Телефон сотовый SAMSUNG SM S 911 Galaxy S23 5G 128GB BZKDS (Black),499890,499890,9997
06/02/2023,Samsung,Телефон сотовый SAMSUNG SM S 918 Galaxy S23 Ultra 5G 1TB BLIPS (Light Pink),969890,899890,8998,"['Смарт часы SAMSUNG Galaxy Watch4 Classic 46mm Black (SM-R890NZKACIS)', 'Наушники для телефона SAMSUNG Galaxy Buds2 Pro (purple)', 'Наушники для телефона SAMSUNG Galaxy Buds2 Pro (gray)', 'Наушники для телефона SAMSUNG Galaxy Buds2 Pro (white)']","[219890, 119990, 119990, 119990]"
06/02/2023,Xiaomi,Телефон сотовый XIAOMI Redmi 9A 32GB Sky Blue,59990,49990,4999
06/02/2023,OPPO,Телефон сотовый OPPO A74 Midnight Blue,139990,139990,13999
06/02/2023,Huawei,Телефон сотовый HUAWEI Nova 9 Starry Blue,299890,299890,29989
06/02/2023,WIKO,Телефон сотовый WIKO T10 Rally 2/64GB Black,74990,74990,7499
06/02/2023,Huawei,Телефон сотовый HUAWEI Nova Y90 4/128GB (Голубой кристалл) (CTR-LX1),129890,102990,10299
06/02/2023,Apple,Телефон сотовый APPLE iPhone 14 256GB (Starlight),629990,549990,27500
06/02/2023,Apple,Телефон сотовый APPLE iPhone 14 Plus 128GB (Starlight),629990,559990,28000
06/02/2023,Realme,Телефон сотовый REALME C11 2021 (2/32GB) Gray,54990,54990,5499
06/02/2023,Apple,Телефон сотовый APPLE iPhone 13 mini 256GB Blue,484990,449990,4499
06/02/2023,Xiaomi,Телефон сотовый XIAOMI Redmi 9C 4/128GB Lavender Purple,74990,74990,1499
06/02/2023,Vivo,Телефон сотовый VIVO Y33s 4/64GB Mirror Black (V2109),109990,84990,8499,"['Чехол для телефона VIVO Y21/Y21s/Y33s Transparent Cover Light Grey', 'Подарок VIVO 4813635 Plactic Mobile Phone Holder Держатель Смартфона', 'Подарок VIVO 4813636 Bluetooth Speaker Динамик Bluetooth', 'Подарок VIVO 4813637 Gift Box Подарочная Коробка']","[3990, 0, 0, 0]"
06/02/2023,OPPO,Телефон сотовый OPPO A55 4/64GB Rainbow Blue,119990,119990,11999
06/02/2023,POCO,Телефон сотовый POCO F4 GT 12/256GB Knight Silver,399990,399990,7999
06/02/2023,Huawei,Телефон сотовый HUAWEI Nova Y90 4/128GB (Изумрудно-зеленый) (CTR-LX1),129890,102990,10299
06/02/2023,Apple,Телефон сотовый APPLE iPhone 14 512GB (Midnight),769990,699990,35000
06/02/2023,Samsung,Телефон сотовый SAMSUNG SM A 042 Galaxy A04e (4/128GB) FZCKS (Copper),79890,69890,698
06/02/2023,Samsung,Телефон сотовый SAMSUNG SM A 045 Galaxy A04 (3/32GB) FZGDS (Green),64890,59890,598
06/02/2023,Samsung,Телефон сотовый SAMSUNG SM S 911 Galaxy S23 5G 256GB BZKGS (Black),529890,499890,4998,"['Смарт часы SAMSUNG Galaxy Watch4 Classic 46mm Black (SM-R890NZKACIS)', 'Наушники для телефона SAMSUNG Galaxy Buds2 Pro (purple)', 'Наушники для телефона SAMSUNG Galaxy Buds2 Pro (gray)', 'Наушники для телефона SAMSUNG Galaxy Buds2 Pro (white)']","[219890, 119990, 119990, 119990]"
06/02/2023,Samsung,Телефон сотовый SAMSUNG SM S 918 Galaxy S23 Ultra 5G 1TB BZGPS (Green),969890,899890,8998,"['Смарт часы SAMSUNG Galaxy Watch4 Classic 46mm Black (SM-R890NZKACIS)', 'Наушники для телефона SAMSUNG Galaxy Buds2 Pro (purple)', 'Наушники для телефона SAMSUNG Galaxy Buds2 Pro (gray)', 'Наушники для телефона SAMSUNG Galaxy Buds2 Pro (white)']","[219890, 119990, 119990, 119990]"
06/02/2023,POCO,Телефон сотовый POCO M4 Pro 5G 4/64GB Power Black,124990,124990,2499
06/02/2023,Xiaomi,Телефон сотовый XIAOMI Redmi 9C 64GB Sunrise Orange,69990,69990,1399
06/02/2023,Xiaomi,Телефон сотовый XIAOMI Redmi 10 6/128GB Pebble White,109990,109990,2199
06/02/2023,Apple,Телефон сотовый APPLE iPhone 13 mini 256GB (Green),484990,449990,4499
06/02/2023,Huawei,Телефон сотовый HUAWEI P50 8/256GB (Светло-золотистый) (ABR-LX9),449890,389890,38989
06/02/2023,WIKO,Телефон сотовый WIKO T50 Mulan 6/128GB Black,149990,149990,29998
06/02/2023,Vivo,Телефон сотовый VIVO Y22 4/64GB Metaverse Green (V2207),99990,89990,8999,"['Подарок VIVO 4813635 Plactic Mobile Phone Holder Держатель Смартфона', 'Подарок VIVO 4813636 Bluetooth Speaker Динамик Bluetooth', 'Подарок VIVO 4813637 Gift Box Подарочная Коробка']","[0, 0, 0]"
06/02/2023,Huawei,Телефон сотовый HUAWEI Nova 10 8/128GB (Мерцающий серебристый) (NCO-LX1),259890,229990,22999
06/02/2023,Samsung,Телефон сотовый SAMSUNG SM A 045 Galaxy A04 (4/64GB) FZGGS (Green),74890,64890,648
06/02/2023,Samsung,Телефон сотовый SAMSUNG SM S 918 Galaxy S23 Ultra 5G 256GB BLIGS (Light Pink),749890,749890,14997
06/02/2023,Samsung,Телефон сотовый SAMSUNG SM S 918 Galaxy S23 Ultra 5G 512GB BZGHS (Green),819890,749890,7498,"['Смарт часы SAMSUNG Galaxy Watch4 Classic 46mm Black (SM-R890NZKACIS)', 'Наушники для телефона SAMSUNG Galaxy Buds2 Pro (purple)', 'Наушники для телефона SAMSUNG Galaxy Buds2 Pro (gray)', 'Наушники для телефона SAMSUNG Galaxy Buds2 Pro (white)']","[219890, 119990, 119990, 119990]"
06/02/2023,Realme,Телефон сотовый REALME X3 (8/128GB) White,248890,248890,24889
06/02/2023,Apple,Телефон сотовый APPLE iPhone SE 2022 128GB Midnight,339990,339990,6799
06/02/2023,Xiaomi,Телефон сотовый XIAOMI Redmi 9C 64GB Lavender Purple,69990,69990,1399
06/02/2023,Apple,Телефон сотовый APPLE iPhone 14 Pro Max 512GB (Space Black),979990,979990,49000
06/02/2023,OPPO,Телефон сотовый OPPO A17K 3/64GB Blue,74990,74990,7499
06/02/2023,Samsung,Телефон сотовый SAMSUNG SM A 045 Galaxy A04 (3/32GB) FZKDS (Black),64890,59890,598
06/02/2023,Samsung,Телефон сотовый SAMSUNG SM S 911 Galaxy S23 5G 256GB BLIGS (Light Pink),529890,499890,4998,"['Смарт часы SAMSUNG Galaxy Watch4 Classic 46mm Black (SM-R890NZKACIS)', 'Наушники для телефона SAMSUNG Galaxy Buds2 Pro (purple)', 'Наушники для телефона SAMSUNG Galaxy Buds2 Pro (gray)', 'Наушники для телефона SAMSUNG Galaxy Buds2 Pro (white)']","[219890, 119990, 119990, 119990]"
06/02/2023,Samsung,Телефон сотовый SAMSUNG SM S 918 Galaxy S23 Ultra 5G 256GB BZGGS (Green),749890,749890,14997
06/02/2023,POCO,Телефон сотовый POCO F3 8/256GB Deep Ocean Blue,239990,239990,4799
06/02/2023,Huawei,Телефон сотовый HUAWEI Y6p (Phantom Purple),89890,89890,8989
06/02/2023,Xiaomi,Телефон сотовый XIAOMI Redmi 10 4/64GB Pebble White,89990,89990,1799
06/02/2023,Huawei,Телефон сотовый HUAWEI Y5p (midnight black),59890,59890,5989
06/02/2023,Apple,Телефон сотовый APPLE iPhone 13 Pro 1TB Alpine Green,919990,889990,8899
06/02/2023,Vivo,Телефон сотовый VIVO V25e 8/128GB Sunrise Gold (V2201),199990,189990,18999,"['Смарт часы Zeblaze Btalk Smart Watch 44 mm Green / Зеленый', 'Смарт часы Zeblaze Btalk Smart Watch 44 mm Orange / Оранжевый']","[29990, 29990]"
06/02/2023,Vivo,Телефон сотовый VIVO Y35 4/64GB Dawn Gold (V2205),109990,104990,10499,"['Смарт часы Zeblaze Btalk Smart Watch 44 mm Green / Зеленый', 'Смарт часы Zeblaze Btalk Smart Watch 44 mm Orange / Оранжевый', 'Подарок VIVO 4813635 Plactic Mobile Phone Holder Держатель Смартфона', 'Подарок VIVO 4813636 Bluetooth Speaker Динамик Bluetooth', 'Подарок VIVO 4813637 Gift Box Подарочная Коробка']","[29990, 29990, 0, 0, 0]"
06/02/2023,Samsung,Телефон сотовый SAMSUNG SM A 045 Galaxy A04 (4/64GB) FZCGS (Copper),74890,64890,648
06/02/2023,Samsung,Телефон сотовый SAMSUNG SM A 047 Galaxy A04s (3/32GB) FZGDS (Green),79890,69890,698
06/02/2023,Samsung,Телефон сотовый SAMSUNG SM A 047 Galaxy A04s (3/32GB) FZKDS (Black),79890,69890,698
06/02/2023,Samsung,Телефон сотовый SAMSUNG SM A 047 Galaxy A04s (4/64GB) FZGGS (Green),89890,74890,748
06/02/2023,Apple,Телефон сотовый APPLE iPhone 13 Pro 1TB Graphite,919990,889990,8899
06/02/2023,Apple,Телефон сотовый APPLE iPhone 13 Pro Max 256GB Silver,779990,749990,7499
06/02/2023,Apple,Телефон сотовый APPLE iPhone 13 mini 256GB Starlight,484990,449990,4499
06/02/2023,Apple,Телефон сотовый APPLE iPhone 12 64GB (PRODUCT)RED,414990,379990,3799
06/02/2023,Samsung,Телефон сотовый SAMSUNG SM A 042 Galaxy A04e (3/32GB) FZCDS (Copper),59890,54890,548
06/02/2023,Samsung,Телефон сотовый SAMSUNG SM A 047 Galaxy A04s (4/64GB) FZCGS (Copper),89890,74890,748
06/02/2023,Samsung,Телефон сотовый SAMSUNG SM S 911 Galaxy S23 5G 128GB BZEDS (Beige),499890,499890,9997
06/02/2023,Samsung,Телефон сотовый SAMSUNG SM S 911 Galaxy S23 5G 256GB BZEGS (Beige),529890,499890,4998,"['Смарт часы SAMSUNG Galaxy Watch4 Classic 46mm Black (SM-R890NZKACIS)', 'Наушники для телефона SAMSUNG Galaxy Buds2 Pro (purple)', 'Наушники для телефона SAMSUNG Galaxy Buds2 Pro (gray)', 'Наушники для телефона SAMSUNG Galaxy Buds2 Pro (white)']","[219890, 119990, 119990, 119990]"
06/02/2023,Samsung,Телефон сотовый SAMSUNG SM S 911 Galaxy S23 5G 256GB BZGGS (Green),529890,499890,4998,"['Смарт часы SAMSUNG Galaxy Watch4 Classic 46mm Black (SM-R890NZKACIS)', 'Наушники для телефона SAMSUNG Galaxy Buds2 Pro (purple)', 'Наушники для телефона SAMSUNG Galaxy Buds2 Pro (gray)', 'Наушники для телефона SAMSUNG Galaxy Buds2 Pro (white)']","[219890, 119990, 119990, 119990]"
06/02/2023,Samsung,Телефон сотовый SAMSUNG SM S 916 Galaxy S23 Plus 5G 512GB BLIGS (Light Pink),669890,599890,5998,"['Смарт часы SAMSUNG Galaxy Watch4 Classic 46mm Black (SM-R890NZKACIS)', 'Наушники для телефона SAMSUNG Galaxy Buds2 Pro (purple)', 'Наушники для телефона SAMSUNG Galaxy Buds2 Pro (gray)', 'Наушники для телефона SAMSUNG Galaxy Buds2 Pro (white)']","[219890, 119990, 119990, 119990]"
06/02/2023,Samsung,Телефон сотовый SAMSUNG SM S 918 Galaxy S23 Ultra 5G 1TB BZKPS (Black),969890,899890,8998,"['Смарт часы SAMSUNG Galaxy Watch4 Classic 46mm Black (SM-R890NZKACIS)', 'Наушники для телефона SAMSUNG Galaxy Buds2 Pro (purple)', 'Наушники для телефона SAMSUNG Galaxy Buds2 Pro (gray)', 'Наушники для телефона SAMSUNG Galaxy Buds2 Pro (white)']","[219890, 119990, 119990, 119990]"
06/02/2023,Huawei,Телефон сотовый HUAWEI P40 Lite E (Aurora Blue),89890,89890,8989
06/02/2023,Huawei,Телефон сотовый HUAWEI P40 Black,349890,349890,34989
06/02/2023,Realme,Телефон сотовый REALME C33 (4/128GB) Black,79990,79990,1599
06/02/2023,Apple,Телефон сотовый APPLE iPhone 13 mini 512GB (PRODUCT)RED,624990,589990,5899
06/02/2023,Apple,Телефон сотовый APPLE iPhone 13 mini 256GB (PRODUCT)RED,484990,449990,4499
06/02/2023,Realme,Телефон сотовый REALME 6 (8/128GB) White,138890,138890,13889
06/02/2023,Apple,Телефон сотовый APPLE iPhone 13 512GB Pink,739990,659990,6599
06/02/2023,Vivo,Телефон сотовый VIVO Y15s 3/32 Mystic Blue (V2120),79990,59990,5999
06/02/2023,Apple,Телефон сотовый APPLE iPhone SE 2022 64GB (PRODUCT)RED,304990,304990,6099
06/02/2023,OPPO,Телефон сотовый OPPO A16 32GB Blue,89990,59990,5999
06/02/2023,Xiaomi,Телефон сотовый XIAOMI 12X 8/128GB Purple,329990,299990,29999
06/02/2023,Xiaomi,Телефон сотовый XIAOMI 12 8/256GB Blue,429990,379990,37999
06/02/2023,Samsung,Телефон сотовый SAMSUNG SM A 045 Galaxy A04 (3/32GB) FZCDS (Copper),64890,59890,598
06/02/2023,Samsung,Телефон сотовый SAMSUNG SM S 911 Galaxy S23 5G 128GB BLIDS (Light Pink),499890,499890,9997
06/02/2023,Apple,Телефон сотовый APPLE iPhone 13 Pro Max 1TB Graphite,989990,954990,9549
06/02/2023,Huawei,Телефон сотовый HUAWEI P40 Lite (Sakura Pink),129890,129890,12989
06/02/2023,Vivo,Телефон сотовый VIVO Y15s 3/32 Wave Green (V2120),79990,59990,5999
06/02/2023,WIKO,Телефон сотовый WIKO T10 Rally 2/64GB Green,74990,74990,7499
06/02/2023,Apple,Телефон сотовый APPLE iPhone 14 Plus 256GB (Starlight),699990,629990,31500
06/02/2023,Samsung,Телефон сотовый SAMSUNG SM S 916 Galaxy S23 Plus 5G 256GB BLIDS (Light Pink),599890,599890,11997
06/02/2023,Apple,Телефон сотовый APPLE iPhone 13 512GB Midnight,739990,659990,6599
06/02/2023,Realme,Телефон сотовый REALME 7 (8/128GB) White,138890,138890,13889
06/02/2023,Apple,Телефон сотовый APPLE iPhone 13 Pro Max 1TB Alpine Green,989990,954990,9549
06/02/2023,Apple,Телефон сотовый APPLE iPhone 14 512GB (Starlight),769990,699990,35000
06/02/2023,Apple,Телефон сотовый APPLE iPhone 14 Pro Max 512GB (Silver),979990,979990,49000
06/02/2023,Huawei,Телефон сотовый HUAWEI Mate 50 (8/256GB) (Элегантный черный) (CET-LX9),499890,499890,49989,"['Телефон сотовый HUAWEI Nova Y70 4/64GB (Полночный черный) (MGA-LX9N)', 'Телефон сотовый HUAWEI Nova Y70 4/64GB (Голубой кристалл) (MGA-LX9N)']","[99890, 99890]"
06/02/2023,Samsung,Телефон сотовый SAMSUNG SM S 911 Galaxy S23 5G 128GB BZGDS (Green),499890,499890,9997
06/02/2023,Samsung,Телефон сотовый SAMSUNG SM S 918 Galaxy S23 Ultra 5G 256GB BZKGS (Black),749890,749890,14997
06/02/2023,Samsung,Телефон сотовый SAMSUNG SM S 918 Galaxy S23 Ultra 5G 1TB BZEPS (Beige),969890,899890,8998,"['Смарт часы SAMSUNG Galaxy Watch4 Classic 46mm Black (SM-R890NZKACIS)', 'Наушники для телефона SAMSUNG Galaxy Buds2 Pro (purple)', 'Наушники для телефона SAMSUNG Galaxy Buds2 Pro (gray)', 'Наушники для телефона SAMSUNG Galaxy Buds2 Pro (white)']","[219890, 119990, 119990, 119990]"
06/02/2023,Apple,Телефон сотовый APPLE iPhone 13 512GB (PRODUCT)RED,739990,659990,6599
06/02/2023,Vivo,Телефон сотовый VIVO V21E Roman Black (2061),149990,149990,14999
06/02/2023,Apple,Телефон сотовый APPLE iPhone 13 512GB (Green),739990,659990,6599
06/02/2023,Apple,Телефон сотовый APPLE iPhone 14 Plus 128GB (PRODUCT) Red,629990,559990,28000
06/02/2023,Apple,Телефон сотовый APPLE iPhone 14 Plus 512GB (Starlight),839990,789990,39500
06/02/2023,Apple,Телефон сотовый APPLE iPhone 14 Pro 512GB (Gold),909990,909990,45500
06/02/2023,Vivo,Телефон сотовый VIVO Y01 2/32GB Sapphire Blue (V2118),64990,59990,5999
06/02/2023,Vivo,Телефон сотовый VIVO Y35 4/64GB Agate Black (V2205),109990,104990,10499,"['Смарт часы Zeblaze Btalk Smart Watch 44 mm Green / Зеленый', 'Смарт часы Zeblaze Btalk Smart Watch 44 mm Orange / Оранжевый', 'Подарок VIVO 4813635 Plactic Mobile Phone Holder Держатель Смартфона', 'Подарок VIVO 4813636 Bluetooth Speaker Динамик Bluetooth', 'Подарок VIVO 4813637 Gift Box Подарочная Коробка']","[29990, 29990, 0, 0, 0]"
06/02/2023,Samsung,Телефон сотовый SAMSUNG SM A 047 Galaxy A04s (3/32GB) FZCDS (Copper),79890,69890,698
06/02/2023,Samsung,Телефон сотовый SAMSUNG SM S 916 Galaxy S23 Plus 5G 256GB BZGDS (Green),599890,599890,11997
06/02/2023,Samsung,Телефон сотовый SAMSUNG SM S 918 Galaxy S23 Ultra 5G 256GB BZEGS (Beige),749890,749890,14997
06/02/2023,Samsung,Телефон сотовый SAMSUNG SM S 918 Galaxy S23 Ultra 5G 512GB BLIHS (Light Pink),819890,749890,7498,"['Смарт часы SAMSUNG Galaxy Watch4 Classic 46mm Black (SM-R890NZKACIS)', 'Наушники для телефона SAMSUNG Galaxy Buds2 Pro (purple)', 'Наушники для телефона SAMSUNG Galaxy Buds2 Pro (gray)', 'Наушники для телефона SAMSUNG Galaxy Buds2 Pro (white)']","[219890, 119990, 119990, 119990]"
06/02/2023,Apple,Телефон сотовый APPLE iPhone 13 Pro 1TB Sierra Blue,919990,889990,8899
06/02/2023,Vivo,Телефон сотовый VIVO Y1S Ripple Blue (2015),64990,64990,6499
06/02/2023,Realme,Телефон сотовый REALME 7i (4/128GB) Green,108890,108890,10889
06/02/2023,Apple,Телефон сотовый APPLE iPhone 13 512GB Starlight,739990,659990,6599
06/02/2023,Vivo,Телефон сотовый VIVO Y31 Racing Black (2036),109990,109990,10999
06/02/2023,Apple,Телефон сотовый APPLE iPhone 13 mini 512GB Blue,624990,589990,5899
06/02/2023,iXXi,Телефон сотовый IXXI J2 4/64GB Red,99990,99990,9999
06/02/2023,Apple,Телефон сотовый APPLE iPhone 14 Plus 256GB (PRODUCT) Red,699990,629990,31500
06/02/2023,Apple,Телефон сотовый APPLE iPhone 14 Plus 512GB (Midnight),839990,789990,39500
06/02/2023,Apple,Телефон сотовый APPLE iPhone 14 Plus 512GB (Purple),839990,789990,39500
06/02/2023,Apple,Телефон сотовый APPLE iPhone 14 Plus 512GB (Blue),839990,789990,39500
06/02/2023,Samsung,Телефон сотовый SAMSUNG SM S 916 Galaxy S23 Plus 5G 512GB BZGGS (Green),669890,599890,5998,"['Смарт часы SAMSUNG Galaxy Watch4 Classic 46mm Black (SM-R890NZKACIS)', 'Наушники для телефона SAMSUNG Galaxy Buds2 Pro (purple)', 'Наушники для телефона SAMSUNG Galaxy Buds2 Pro (gray)', 'Наушники для телефона SAMSUNG Galaxy Buds2 Pro (white)']","[219890, 119990, 119990, 119990]"
06/02/2023,Samsung,Телефон сотовый SAMSUNG SM S 918 Galaxy S23 Ultra 5G 512GB BZEHS (Beige),819890,749890,7498,"['Смарт часы SAMSUNG Galaxy Watch4 Classic 46mm Black (SM-R890NZKACIS)', 'Наушники для телефона SAMSUNG Galaxy Buds2 Pro (purple)', 'Наушники для телефона SAMSUNG Galaxy Buds2 Pro (gray)', 'Наушники для телефона SAMSUNG Galaxy Buds2 Pro (white)']","[219890, 119990, 119990, 119990]"
06/02/2023,Apple,Телефон сотовый APPLE iPhone 13 Pro 128GB Gold (Demo),609990,609990,12199
06/02/2023,Apple,Телефон сотовый APPLE iPhone 14 Plus 256GB (Purple),699990,629990,31500
06/02/2023,Apple,Телефон сотовый APPLE iPhone 14 Pro Max 1TB (Space Black),1119990,1119990,56000
06/02/2023,WIKO,Телефон сотовый WIKO 10 6/128GB Black,129990,129990,25998
06/02/2023,WIKO,Телефон сотовый WIKO T3 W-V770 4/128GB Gold,99990,99990,19998
06/02/2023,Samsung,Телефон сотовый SAMSUNG SM S 916 Galaxy S23 Plus 5G 512GB BZKGS (Black),669890,599890,5998,"['Смарт часы SAMSUNG Galaxy Watch4 Classic 46mm Black (SM-R890NZKACIS)', 'Наушники для телефона SAMSUNG Galaxy Buds2 Pro (purple)', 'Наушники для телефона SAMSUNG Galaxy Buds2 Pro (gray)', 'Наушники для телефона SAMSUNG Galaxy Buds2 Pro (white)']","[219890, 119990, 119990, 119990]"
06/02/2023,OPPO,Телефон сотовый OPPO A54 64GB Starry Blue,109990,99990,9999
06/02/2023,iXXi,Телефон сотовый IXXI J2 4/64GB Blue,99990,99990,9999
06/02/2023,Samsung,Телефон сотовый SAMSUNG SM S 916 Galaxy S23 Plus 5G 256GB BZKDS (Black),599890,599890,11997
06/02/2023,Realme,Телефон сотовый REALME 6i (3/64GB) White,88890,88890,8889
06/02/2023,WIKO,Телефон сотовый WIKO 10 6/128GB Blue,129990,129990,25998
06/02/2023,Xiaomi,Телефон сотовый XIAOMI 12 8/256GB Graу,429990,379990,37999
06/02/2023,Samsung,Телефон сотовый SAMSUNG SM S 916 Galaxy S23 Plus 5G 256GB BZEDS (Beige),599890,599890,11997
06/02/2023,Samsung,Телефон сотовый SAMSUNG SM S 916 Galaxy S23 Plus 5G 512GB BZEGS (Beige),669890,599890,5998,"['Смарт часы SAMSUNG Galaxy Watch4 Classic 46mm Black (SM-R890NZKACIS)', 'Наушники для телефона SAMSUNG Galaxy Buds2 Pro (purple)', 'Наушники для телефона SAMSUNG Galaxy Buds2 Pro (gray)', 'Наушники для телефона SAMSUNG Galaxy Buds2 Pro (white)']","[219890, 119990, 119990, 119990]"
06/02/2023,Vivo,Телефон сотовый VIVO Y31 64GB Racing Black (V2036),99990,99990,9999
06/02/2023,Vivo,Телефон сотовый VIVO V21 Sunset Dazzle (2066),179990,179990,17999
06/02/2023,WIKO,Телефон сотовый WIKO T50 Mulan 6/128GB Pink,149990,149990,29998
06/02/2023,WIKO,Телефон сотовый WIKO 10 6/128GB Silver,129990,129990,25998
06/02/2023,WIKO,Телефон сотовый WIKO T3 W-V770 4/128GB Black,99990,99990,19998
